status,run_dir,trace_dir,trace_path,timesteps,batch_size,use_amp,run_name,trace_found,trace_size_mb,trace_events,trace_device,oom_events,max_alloc_gb_trace,max_reserved_gb_trace,cpu_op_ms_trace,gpu_kernel_ms_trace,gpu_runtime_ms_trace,gpu_memcpy_ms_trace,gpu_memset_ms_trace,gpu_total_ms_trace,cpu_gpu_ratio_trace,train_batch_count,eval_batch_count,eval_sample_count,train_batch_ms,train_forward_ms,train_backward_ms,train_step_ms,eval_loss_forward_ms,eval_sample_ms,eval_contact_f1_ms,eval_no_f1_ms,eval_with_f1_ms,f1_overhead_pct_from_trace,train_forward_alloc_avg_mb_gpu,train_forward_alloc_peak_mb_gpu,train_forward_alloc_delta_avg_mb_gpu,train_forward_alloc_delta_peak_mb_gpu,train_forward_alloc_traffic_mb_gpu,train_forward_free_traffic_mb_gpu,train_forward_alloc_avg_mb_cpu,train_forward_alloc_peak_mb_cpu,train_forward_alloc_delta_avg_mb_cpu,train_forward_alloc_delta_peak_mb_cpu,train_forward_alloc_traffic_mb_cpu,train_forward_free_traffic_mb_cpu,train_backward_alloc_avg_mb_gpu,train_backward_alloc_peak_mb_gpu,train_backward_alloc_delta_avg_mb_gpu,train_backward_alloc_delta_peak_mb_gpu,train_backward_alloc_traffic_mb_gpu,train_backward_free_traffic_mb_gpu,train_backward_alloc_avg_mb_cpu,train_backward_alloc_peak_mb_cpu,train_backward_alloc_delta_avg_mb_cpu,train_backward_alloc_delta_peak_mb_cpu,train_backward_alloc_traffic_mb_cpu,train_backward_free_traffic_mb_cpu,train_step_alloc_avg_mb_gpu,train_step_alloc_peak_mb_gpu,train_step_alloc_delta_avg_mb_gpu,train_step_alloc_delta_peak_mb_gpu,train_step_alloc_traffic_mb_gpu,train_step_free_traffic_mb_gpu,train_step_alloc_avg_mb_cpu,train_step_alloc_peak_mb_cpu,train_step_alloc_delta_avg_mb_cpu,train_step_alloc_delta_peak_mb_cpu,train_step_alloc_traffic_mb_cpu,train_step_free_traffic_mb_cpu,error,run_id,run_folder,epochs,profile_batches,amp_sampling,planned_steps,required_steps,wall_time_s,peak_alloc_gb_runtime,peak_reserved_gb_runtime,eval_no_f1_ms_keyavg,eval_with_f1_ms_keyavg,eval_sample_ms_keyavg,eval_contact_f1_ms_keyavg,prof_cpu_self_ms_keyavg,prof_cuda_self_ms_keyavg,train_forward_cpu_ms_keyavg,train_forward_cuda_ms_keyavg,train_backward_cpu_ms_keyavg,train_backward_cuda_ms_keyavg,eval_loss_forward_cpu_ms_keyavg,eval_loss_forward_cuda_ms_keyavg,eval_sample_cpu_ms_keyavg,eval_sample_cuda_ms_keyavg
ok,logs/diffusion_profiler_light/sim90_bs4_pb4_5ts_fp32,logs/diffusion_profiler_light/sim90_bs4_pb4_5ts_fp32/profiler_traces,/home/gkulemeyer/Documents/Repos/RNADiffusion/profiler/logs/diffusion_profiler_light/sim90_bs4_pb4_5ts_fp32/profiler_traces/pc59_3193258.1772558122981464965.pt.trace.json,5,4,False,sim90_bs4_pb4_5ts_fp32,True,62.414419174194336,240628.0,NVIDIA RTX A5000,0.0,1.8216514587402344,23.1328125,2253.39,453.059,149.766,4.873,0.523,608.221,3.7048868750010278,3.0,8.0,4.0,167.67233333333334,85.72366666666667,77.80833333333332,3.556,39.36775,33.787,23.17025,40.94925,95.189,132.45602788817865,773.2575303416421,1627.5450846354167,701.3413519562255,1555.62890625,5650.099446614583,4232.112467447917,0.033138275146484375,0.03314208984375,2.5431315104166665e-06,5.086263020833333e-06,0.000579833984375,0.000579833984375,819.573475135885,1564.2496744791667,0.41127444881280595,74.34651692708333,6185.441080729167,7592.227213541667,0.033138275146484375,0.03314208984375,3.814697265625e-06,7.62939453125e-06,7.62939453125e-05,7.62939453125e-05,88.7746323996443,94.16682942708333,5.657607660060975,11.0498046875,11.0498046875,11.0498046875,0.033141136169433594,0.033145904541015625,6.67572021484375e-06,1.1444091796875e-05,0.00093841552734375,0.00093841552734375,,sim90_bs4_pb4_5ts_fp32,sim90_bs4_pb4_5ts_fp32,1.0,4.0,False,12.0,13.0,14.297531127929688,2.0449366569519043,23.1328125,416.194,422.946,135.145,92.678,1983.964,912.389,257.169,59.833,233.424,0.003,314.94,186.118,135.145,93.631
ok,logs/diffusion_profiler_light/sim90_bs4_pb4_5ts_amp,logs/diffusion_profiler_light/sim90_bs4_pb4_5ts_amp/profiler_traces,/home/gkulemeyer/Documents/Repos/RNADiffusion/profiler/logs/diffusion_profiler_light/sim90_bs4_pb4_5ts_amp/profiler_traces/pc59_3193258.1772558139504990093.pt.trace.json,5,4,True,sim90_bs4_pb4_5ts_amp,True,71.49131679534912,266052.0,NVIDIA RTX A5000,0.0,1.9069132804870605,23.1328125,2336.048,431.254,164.506,5.293,0.52,601.573,3.883232791365304,3.0,8.0,4.0,127.686,59.42666666666666,63.17,4.475666666666667,50.213875,32.97975,43.29,53.141,124.07025,133.47368322011252,891.8158224401164,1865.5498046875,818.8765320755332,1792.6105143229167,5201.910481770833,3562.9601236979165,0.033138275146484375,0.03314208984375,2.5431315104166665e-06,5.086263020833333e-06,0.000579833984375,0.000579833984375,911.9670131712955,1873.7032877604167,0.2851040017491653,161.81363932291666,7833.333821614583,9460.697916666666,0.033138275146484375,0.03314208984375,3.814697265625e-06,7.62939453125e-06,7.62939453125e-05,7.62939453125e-05,90.10876557321261,96.06624348958333,5.583212187795929,11.540690104166666,11.543131510416666,11.543131510416666,0.033141136169433594,0.033145904541015625,6.67572021484375e-06,1.1444091796875e-05,0.00093841552734375,0.00093841552734375,,sim90_bs4_pb4_5ts_amp,sim90_bs4_pb4_5ts_amp,1.0,4.0,False,12.0,13.0,17.141953468322754,1.9069132804870605,23.1328125,484.271,540.931,131.918,173.159,2080.348,874.102,178.28,67.174,189.509,0.006,401.706,167.631,131.918,93.569
unknown,/home/gkulemeyer/Documents/Repos/RNADiffusion/profiler/logs/diffusion_profiler_light/sim90_bs4_pb4_10ts,/home/gkulemeyer/Documents/Repos/RNADiffusion/profiler/logs/diffusion_profiler_light/sim90_bs4_pb4_10ts/profiler_traces,/home/gkulemeyer/Documents/Repos/RNADiffusion/profiler/logs/diffusion_profiler_light/sim90_bs4_pb4_10ts/profiler_traces/pc59_3193258.1772551478233592020.pt.trace.json,10,4,False,sim90_bs4_pb4_10ts,True,145.7107334136963,578858.0,NVIDIA RTX A5000,0.0,3.8883910179138184,4.1640625,6074.183,1056.905,893.227,5.723,1.305,1957.16,3.1035699687302007,4.0,8.0,4.0,394.7635,209.72875,167.574,16.98075,72.9105,67.8615,38.28725,80.4305,171.97325,113.81596533653277,1523.319605519845,3156.6199951171875,1480.737574269845,3114.0379638671875,9205.911743164062,6230.015869140625,0.0041065216064453125,0.0041103363037109375,3.814697265625e-06,7.62939453125e-06,0.00115203857421875,0.00115203857421875,1575.8221616712976,3089.5125732421875,0.2191623940113901,71.03466796875,13098.0078125,16058.884155273438,0.0041065216064453125,0.0041103363037109375,3.814697265625e-06,7.62939453125e-06,0.000152587890625,0.000152587890625,66.55524947003622,73.865234375,8.953686970036205,16.263671875,16.263671875,10.88623046875,0.004179525375366211,0.004192352294921875,7.681846618652343e-05,8.96453857421875e-05,0.0010166168212890625,0.00093841552734375,,,,,,,,,,,,,,,,,,,,,,,,,
ok,logs/diffusion_profiler_light/sim90_bs4_pb4_10ts_fp32,logs/diffusion_profiler_light/sim90_bs4_pb4_10ts_fp32/profiler_traces,/home/gkulemeyer/Documents/Repos/RNADiffusion/profiler/logs/diffusion_profiler_light/sim90_bs4_pb4_10ts_fp32/profiler_traces/pc59_3193258.1772558162292663788.pt.trace.json,10,4,False,sim90_bs4_pb4_10ts_fp32,True,115.54751396179199,433859.0,NVIDIA RTX A5000,0.0,3.9101014137268066,23.1328125,3017.434,984.813,261.95,5.64,0.798,1253.201,2.407781353509932,3.0,8.0,4.0,203.68133333333336,93.87766666666667,103.887,5.267666666666667,76.8395,65.71225,32.36675,81.86225,170.30925,108.04369535408567,1878.3142271878442,3840.7804361979165,1804.9157896878442,3767.3819986979165,11093.78466796875,7466.770345052083,0.033138275146484375,0.03314208984375,2.5431315104166665e-06,5.086263020833333e-06,0.00115203857421875,0.00115203857421875,1936.733035694544,3776.6637369791665,0.25513319190079575,76.2509765625,16597.778483072918,20213.964518229168,0.033138275146484375,0.03314208984375,3.814697265625e-06,7.62939453125e-06,0.000152587890625,0.000152587890625,90.13706014989837,95.75895182291667,5.910334889481708,11.5322265625,11.5322265625,11.5322265625,0.033141136169433594,0.033145904541015625,6.67572021484375e-06,1.1444091796875e-05,0.00093841552734375,0.00093841552734375,,sim90_bs4_pb4_10ts_fp32,sim90_bs4_pb4_10ts_fp32,1.0,4.0,False,12.0,13.0,25.662872076034546,3.9101014137268066,23.1328125,613.947,730.961,262.847,129.466,2813.983,1982.475,281.631,146.455,311.66,0.003,614.711,374.414,262.847,189.348
ok,logs/diffusion_profiler_light/sim90_bs4_pb4_10ts_amp,logs/diffusion_profiler_light/sim90_bs4_pb4_10ts_amp/profiler_traces,/home/gkulemeyer/Documents/Repos/RNADiffusion/profiler/logs/diffusion_profiler_light/sim90_bs4_pb4_10ts_amp/profiler_traces/pc59_3193258.1772558192636373528.pt.trace.json,10,4,True,sim90_bs4_pb4_10ts_amp,True,138.82420253753662,515657.0,NVIDIA RTX A5000,0.0,3.7760791778564453,23.1328125,4314.379,869.997,315.43,5.885,1.039,1192.351,3.6183799904558307,3.0,8.0,4.0,235.42566666666664,105.477,124.13,5.196,96.312375,72.89775,44.9235,94.92375,216.1095,127.6664164658476,1777.8898889622687,3641.3883463541665,1703.547441045602,3567.0458984375,10750.4765625,7338.363606770833,0.033138275146484375,0.03314208984375,2.5431315104166665e-06,5.086263020833333e-06,0.00115203857421875,0.00115203857421875,1797.9112934194175,3649.75244140625,0.1467687817061619,163.29703776041666,15221.52099609375,18621.43701171875,0.033138275146484375,0.03314208984375,3.814697265625e-06,7.62939453125e-06,0.000152587890625,0.000152587890625,92.102207068241,98.00911458333333,5.562819047407671,11.4697265625,11.47216796875,11.47216796875,0.033141136169433594,0.033145904541015625,6.67572021484375e-06,1.1444091796875e-05,0.00093841552734375,0.00093841552734375,,sim90_bs4_pb4_10ts_amp,sim90_bs4_pb4_10ts_amp,1.0,4.0,False,12.0,13.0,31.989618062973022,3.7760791778564453,23.1328125,656.085,913.24,291.588,179.692,3240.366,1753.842,316.43,136.829,372.389,0.006,770.496,335.434,291.588,187.697
ok,logs/diffusion_profiler_light/sim90_bs4_pb4_15ts_fp32,logs/diffusion_profiler_light/sim90_bs4_pb4_15ts_fp32/profiler_traces,/home/gkulemeyer/Documents/Repos/RNADiffusion/profiler/logs/diffusion_profiler_light/sim90_bs4_pb4_15ts_fp32/profiler_traces/pc59_3193258.1772558228495300640.pt.trace.json,15,4,False,sim90_bs4_pb4_15ts_fp32,True,173.60128498077393,650576.0,NVIDIA RTX A5000,0.0,5.329360485076904,23.1328125,4236.962,1370.048,376.038,5.166,1.289,1752.541,2.4176107720161752,3.0,8.0,4.0,274.095,126.68366666666667,142.64366666666666,4.301666666666667,110.499,101.2975,40.03275,112.32175,250.47075,122.99398825249786,2189.4318743721706,4423.268717447917,2117.667063174254,4351.50390625,14941.40869140625,10689.58544921875,0.033138275146484375,0.03314208984375,2.5431315104166665e-06,5.086263020833333e-06,0.0017242431640625,0.0017242431640625,2238.7377494859716,4400.928385416667,0.13732479243997545,77.34033203125,19108.436686197918,23348.699055989582,0.033138275146484375,0.03314208984375,3.814697265625e-06,7.62939453125e-06,0.0002288818359375,0.0002288818359375,88.874977173844,94.18782552083333,5.549293580094004,10.862141927083334,10.862141927083334,10.862141927083334,0.033141136169433594,0.033145904541015625,6.67572021484375e-06,1.1444091796875e-05,0.00093841552734375,0.00093841552734375,,sim90_bs4_pb4_15ts_fp32,sim90_bs4_pb4_15ts_fp32,1.0,4.0,False,12.0,13.0,37.87245178222656,5.329360485076904,23.1328125,717.662,1044.526,405.188,160.13,3648.739,2739.275,380.051,177.513,427.929,0.003,883.988,563.957,405.188,285.143
ok,logs/diffusion_profiler_light/sim90_bs4_pb4_15ts_amp,logs/diffusion_profiler_light/sim90_bs4_pb4_15ts_amp/profiler_traces,/home/gkulemeyer/Documents/Repos/RNADiffusion/profiler/logs/diffusion_profiler_light/sim90_bs4_pb4_15ts_amp/profiler_traces/pc59_3193258.1772558273660154951.pt.trace.json,15,4,True,sim90_bs4_pb4_15ts_amp,True,214.50948524475098,809640.0,NVIDIA RTX A5000,0.0,5.210321426391602,23.1328125,8708.665,1223.446,527.068,5.366,1.454,1757.334,4.955611739145774,3.0,8.0,4.0,540.9336666666667,272.3546666666667,258.99966666666666,9.017,141.547,102.09625,35.78,148.398,273.0055,83.96844970956482,2121.513241840581,4326.744140625,2054.747128559331,4259.97802734375,14237.203287760416,10127.022135416666,0.03334681193033854,0.033350626627604164,2.5431315104166665e-06,5.086263020833333e-06,0.0017242431640625,0.0017242431640625,2137.9356534331496,4264.311686197917,0.07562078314656488,87.36442057291667,16927.5400390625,21025.836263020832,0.03334681193033854,0.033350626627604164,3.814697265625e-06,7.62939453125e-06,0.0002288818359375,0.0002288818359375,88.80603707325439,97.34716796875,10.154995406587707,18.696126302083332,18.698567708333332,10.854654947916666,0.03344319661458333,0.033458709716796875,0.00010019938151041666,0.00011571248372395833,0.0010426839192708333,0.00093841552734375,,sim90_bs4_pb4_15ts_amp,sim90_bs4_pb4_15ts_amp,1.0,4.0,False,12.0,13.0,48.788556814193726,5.210321426391602,23.1328125,871.815,1133.541,408.384,143.118,5114.543,2460.532,817.063,171.852,776.996,0.006,1132.373,503.161,408.384,283.789
unknown,/home/gkulemeyer/Documents/Repos/RNADiffusion/profiler/logs/diffusion_profiler_light/sim90_bs4_pb4_25ts,/home/gkulemeyer/Documents/Repos/RNADiffusion/profiler/logs/diffusion_profiler_light/sim90_bs4_pb4_25ts/profiler_traces,/home/gkulemeyer/Documents/Repos/RNADiffusion/profiler/logs/diffusion_profiler_light/sim90_bs4_pb4_25ts/profiler_traces/pc59_3193258.1772551588833247502.pt.trace.json,25,4,False,sim90_bs4_pb4_25ts,True,331.9356632232666,1261532.0,NVIDIA RTX A5000,0.0,9.403230667114258,9.650390625,8435.414,2702.703,736.987,6.573,2.73,3448.993,2.4457614149985227,4.0,8.0,4.0,509.0175,213.0825,290.1,5.3295,167.289,161.89275,51.7555,167.105,381.57525,128.3446036922893,4127.3940572544425,8363.661254882812,4079.72303674663,8315.990234375,27821.291137695312,19644.561889648438,0.012468338012695312,0.012472152709960938,3.814697265625e-06,7.62939453125e-06,0.00286865234375,0.00286865234375,4181.801898748813,8300.2216796875,0.09180287082897103,75.8214111328125,35257.878173828125,43423.59814453125,0.012468338012695312,0.012472152709960938,3.814697265625e-06,7.62939453125e-06,0.0003814697265625,0.0003814697265625,67.64350146782107,74.893310546875,8.963203616258575,16.2130126953125,16.2130126953125,10.65234375,0.01254134178161621,0.012554168701171875,7.681846618652343e-05,8.96453857421875e-05,0.0010166168212890625,0.00093841552734375,,,,,,,,,,,,,,,,,,,,,,,,,
ok,logs/diffusion_profiler_light/sim90_bs4_pb4_25ts_fp32,logs/diffusion_profiler_light/sim90_bs4_pb4_25ts_fp32/profiler_traces,/home/gkulemeyer/Documents/Repos/RNADiffusion/profiler/logs/diffusion_profiler_light/sim90_bs4_pb4_25ts_fp32/profiler_traces/pc59_3193258.1772558332307347559.pt.trace.json,25,4,False,sim90_bs4_pb4_25ts_fp32,True,289.6149311065674,1090626.0,NVIDIA RTX A5000,0.0,10.022832870483398,23.1328125,8465.36,2538.701,669.015,5.981,1.815,3215.512,2.6326631653061785,3.0,8.0,4.0,585.5566666666666,281.4276666666667,297.5986666666667,5.990666666666667,187.914375,176.06625,44.35575,188.0305,408.6595,117.33681503798586,4989.328307786706,10066.95849609375,4915.822122890873,9993.452311197916,31084.147786458332,21232.164388020832,0.033451080322265625,0.03345489501953125,2.5431315104166665e-06,5.086263020833333e-06,0.00286865234375,0.00286865234375,5052.442712071091,10007.88671875,0.10512668515464386,82.39713541666667,38887.552734375,48728.58935546875,0.033451080322265625,0.03345489501953125,3.814697265625e-06,7.62939453125e-06,0.0003814697265625,0.0003814697265625,90.03698234247967,95.44873046875,5.584020102896342,10.995768229166666,10.995768229166666,10.995768229166666,0.033453941345214844,0.033458709716796875,6.67572021484375e-06,1.1444091796875e-05,0.00093841552734375,0.00093841552734375,,sim90_bs4_pb4_25ts_fp32,sim90_bs4_pb4_25ts_fp32,1.0,4.0,False,12.0,13.0,62.4597282409668,10.022832870483398,23.1328125,1035.153,1673.582,704.264,177.421,6196.141,5092.887,844.283,386.316,892.793,0.003,1503.314,943.749,704.264,475.987
ok,logs/diffusion_profiler_light/sim90_bs4_pb4_25ts_amp,logs/diffusion_profiler_light/sim90_bs4_pb4_25ts_amp/profiler_traces,/home/gkulemeyer/Documents/Repos/RNADiffusion/profiler/logs/diffusion_profiler_light/sim90_bs4_pb4_25ts_amp/profiler_traces/pc59_3193258.1772558402358147473.pt.trace.json,25,4,True,sim90_bs4_pb4_25ts_amp,True,341.01413440704346,1264785.0,NVIDIA RTX A5000,0.0,8.552274227142334,23.1328125,10515.938,2164.606,783.247,6.164,2.501,2956.518,3.5568658807421434,3.0,8.0,4.0,614.622,284.513,321.123,7.844333333333333,224.3315,177.24975,49.51325,224.221,451.69625,101.45135825814711,4225.4380341242495,8549.77587890625,4166.1663869888325,8490.504231770834,25317.562825520832,16981.580891927082,0.03355534871419271,0.033559163411458336,2.5431315104166665e-06,5.086263020833333e-06,0.00286865234375,0.00286865234375,4244.597754856052,8557.796875,0.059353645900566986,162.54329427083334,38533.156412760414,46857.410807291664,0.03355534871419271,0.033559163411458336,3.814697265625e-06,7.62939453125e-06,0.0003814697265625,0.0003814697265625,78.99120243682226,85.55061848958333,7.9920162389056015,14.551432291666666,14.553385416666666,7.164713541666667,0.03375062942504883,0.033771514892578125,0.00014696121215820312,0.0001678466796875,0.001094818115234375,0.00093841552734375,,sim90_bs4_pb4_25ts_amp,sim90_bs4_pb4_25ts_amp,1.0,4.0,False,12.0,13.0,75.23483896255493,8.552274227142334,23.1328125,1206.256,1852.922,708.999,198.051,6798.813,4346.445,853.538,334.639,963.369,0.006,1794.65,838.936,708.999,472.941
ok,logs/diffusion_profiler_light/sim90_bs4_pb4_30ts_fp32,logs/diffusion_profiler_light/sim90_bs4_pb4_30ts_fp32/profiler_traces,/home/gkulemeyer/Documents/Repos/RNADiffusion/profiler/logs/diffusion_profiler_light/sim90_bs4_pb4_30ts_fp32/profiler_traces/pc59_3193258.1772558477314091372.pt.trace.json,30,4,False,sim90_bs4_pb4_30ts_fp32,True,343.7995557785034,1286903.0,NVIDIA RTX A5000,0.0,11.292572975158691,23.1328125,8535.642,3001.98,762.863,6.194,2.339,3773.376,2.262070358215031,3.0,8.0,4.0,570.7646666666666,265.8686666666667,297.888,6.392,221.01725,192.5705,21.13475,240.7495,415.43,72.55695235088754,5617.0931375702685,11280.48583984375,5543.566607622352,11206.959309895834,32175.523600260418,21071.216959635418,0.033763885498046875,0.0337677001953125,2.5431315104166665e-06,5.086263020833333e-06,0.00344085693359375,0.00344085693359375,5677.882913686197,11255.558268229166,0.08436480254164114,77.72509765625,48888.02392578125,59981.47412109375,0.033763885498046875,0.0337677001953125,3.814697265625e-06,7.62939453125e-06,0.000457763671875,0.000457763671875,89.84391077553353,95.08154296875,5.460935515116869,10.698567708333334,10.698567708333334,10.698567708333334,0.033766746520996094,0.033771514892578125,6.67572021484375e-06,1.1444091796875e-05,0.00093841552734375,0.00093841552734375,,sim90_bs4_pb4_30ts_fp32,sim90_bs4_pb4_30ts_fp32,1.0,4.0,False,12.0,13.0,74.56499028205872,11.292572975158691,23.1328125,1251.611,1708.679,770.279,84.537,6483.42,6012.413,797.603,444.648,893.662,0.003,1768.134,1132.894,770.279,573.527
ok,logs/diffusion_profiler_light/sim90_bs4_pb4_30ts_amp,logs/diffusion_profiler_light/sim90_bs4_pb4_30ts_amp/profiler_traces,/home/gkulemeyer/Documents/Repos/RNADiffusion/profiler/logs/diffusion_profiler_light/sim90_bs4_pb4_30ts_amp/profiler_traces/pc59_3193258.1772558561785946360.pt.trace.json,30,4,True,sim90_bs4_pb4_30ts_amp,True,408.36012077331543,1514822.0,NVIDIA RTX A5000,0.0,10.819221496582031,11.091796875,12181.275,2588.243,914.14,6.425,3.141,3511.949,3.4685227490490322,3.0,8.0,4.0,712.638,337.1956666666667,367.176,7.638666666666667,263.082,199.2785,16.53625,278.76525,463.68575,66.33556370458656,5054.095094662168,10210.77392578125,4994.940635026752,10151.619466145834,32989.48486328125,22992.36328125,0.03386815388997396,0.033871968587239586,2.5431315104166665e-06,5.086263020833333e-06,0.00344085693359375,0.00344085693359375,5073.270529569727,10218.652669270834,0.04852199817206974,162.37662760416666,46258.089680989586,56242.743489583336,0.03386815388997396,0.033871968587239586,3.814697265625e-06,7.62939453125e-06,0.000457763671875,0.000457763671875,79.66087370865131,86.35823567708333,8.038640635734644,14.736002604166666,14.737955729166666,7.4697265625,0.03406343460083008,0.034084320068359375,0.00014696121215820312,0.0001678466796875,0.001094818115234375,0.00093841552734375,,sim90_bs4_pb4_30ts_amp,sim90_bs4_pb4_30ts_amp,1.0,4.0,False,12.0,13.0,90.23502516746521,10.819221496582031,23.1328125,1419.359,1922.542,797.114,66.145,7660.711,5195.563,1011.585,395.27,1101.527,0.006,2104.654,1007.587,797.114,571.72
ok,logs/diffusion_profiler_light/sim90_bs4_pb4_35ts_fp32,logs/diffusion_profiler_light/sim90_bs4_pb4_35ts_fp32/profiler_traces,/home/gkulemeyer/Documents/Repos/RNADiffusion/profiler/logs/diffusion_profiler_light/sim90_bs4_pb4_35ts_fp32/profiler_traces/pc59_3193258.1772558652866775056.pt.trace.json,35,4,False,sim90_bs4_pb4_35ts_fp32,True,400.67511653900146,1501404.0,NVIDIA RTX A5000,0.0,12.250165462493896,12.853515625,10933.957,3406.76,936.26,6.552,2.558,4352.13,2.5123231613026267,3.0,8.0,4.0,734.1576666666666,339.8986666666667,385.6213333333333,8.078666666666667,276.6345,250.445,46.43675,290.47525,560.2025,92.8572227754344,6261.797739416208,12495.0390625,6188.819712072458,12422.06103515625,33421.294759114586,21025.382161458332,0.034076690673828125,0.03408050537109375,2.5431315104166665e-06,5.086263020833333e-06,0.0040130615234375,0.0040130615234375,6320.844382843786,12543.56787109375,0.06660442848778153,74.67724609375,46920.857747395836,59306.255045572914,0.034076690673828125,0.03408050537109375,3.814697265625e-06,7.62939453125e-06,0.0005340576171875,0.0005340576171875,88.9190247078252,94.13102213541667,5.425697884908536,10.6376953125,10.6376953125,10.6376953125,0.034079551696777344,0.034084320068359375,6.67572021484375e-06,1.1444091796875e-05,0.00093841552734375,0.00093841552734375,,sim90_bs4_pb4_35ts_fp32,sim90_bs4_pb4_35ts_fp32,1.0,4.0,False,12.0,13.0,88.32708811759949,12.250165462493896,12.853515625,1476.182,2286.318,1001.777,185.746,8225.127,6831.739,1019.696,499.927,1156.861,0.003,2213.072,1317.096,1001.777,663.515
ok,logs/diffusion_profiler_light/sim90_bs4_pb4_35ts_amp,logs/diffusion_profiler_light/sim90_bs4_pb4_35ts_amp/profiler_traces,/home/gkulemeyer/Documents/Repos/RNADiffusion/profiler/logs/diffusion_profiler_light/sim90_bs4_pb4_35ts_amp/profiler_traces/pc59_3193258.1772558751504729528.pt.trace.json,35,4,True,sim90_bs4_pb4_35ts_amp,True,479.48317432403564,1784773.0,NVIDIA RTX A5000,0.0,11.900571823120117,13.0703125,16166.227,2847.602,1130.387,6.307,3.391,3987.687,4.054036086583526,3.0,8.0,4.0,935.746,462.769,465.5973333333333,6.331666666666667,323.277125,250.77625,42.5545,329.4825,610.89175,85.40946787765662,4926.883041731241,9928.35302734375,4868.179916731241,9869.64990234375,33573.417317708336,23853.568196614582,0.03418095906575521,0.034184773763020836,2.5431315104166665e-06,5.086263020833333e-06,0.0040130615234375,0.0040130615234375,4943.406709246899,9909.8896484375,0.035496825572411704,131.33740234375,45330.666341145836,55038.27587890625,0.03418095906575521,0.034184773763020836,3.814697265625e-06,7.62939453125e-06,0.0005340576171875,0.0005340576171875,79.14152719607611,85.8505859375,8.198818862742778,14.907877604166666,14.909830729166666,7.505533854166667,0.03437623977661133,0.034397125244140625,0.00014696121215820312,0.0001678466796875,0.001094818115234375,0.00093841552734375,,sim90_bs4_pb4_35ts_amp,sim90_bs4_pb4_35ts_amp,1.0,4.0,False,12.0,13.0,106.33457374572754,11.900571823120117,13.0703125,1634.065,2499.938,1003.104,170.215,9557.167,5714.59,1388.305,390.317,1396.79,0.006,2586.212,1175.538,1003.104,662.65
ok,logs/diffusion_profiler_light/sim90_bs4_pb4_40ts_fp32,logs/diffusion_profiler_light/sim90_bs4_pb4_40ts_fp32/profiler_traces,/home/gkulemeyer/Documents/Repos/RNADiffusion/profiler/logs/diffusion_profiler_light/sim90_bs4_pb4_40ts_fp32/profiler_traces/pc59_3193258.1772558857110006405.pt.trace.json,40,4,False,sim90_bs4_pb4_40ts_fp32,True,458.02367782592773,1714551.0,NVIDIA RTX A5000,0.0,15.002745628356934,15.587890625,12156.755,3950.359,1041.573,6.782,3.166,5001.88,2.4304371556294835,3.0,8.0,4.0,794.8733333333333,361.114,422.855,10.306,311.66425,284.29325,46.568,322.96725,631.66925,95.58306608487393,7316.257172728493,14630.327473958334,7243.224295124327,14557.294596354166,40547.024251302086,26054.130208333332,0.034389495849609375,0.034393310546875,2.5431315104166665e-06,5.086263020833333e-06,0.00458526611328125,0.00458526611328125,7376.084587112472,14642.128092447916,0.06077500874849551,76.201171875,59370.654459635414,73853.00846354167,0.034389495849609375,0.034393310546875,3.814697265625e-06,7.62939453125e-06,0.0006103515625,0.0006103515625,88.9958357151931,94.21321614583333,5.422919048526423,10.640299479166666,10.640299479166666,10.640299479166666,0.034392356872558594,0.034397125244140625,6.67572021484375e-06,1.1444091796875e-05,0.00093841552734375,0.00093841552734375,,sim90_bs4_pb4_40ts_fp32,sim90_bs4_pb4_40ts_fp32,1.0,4.0,False,12.0,13.0,102.12906885147095,15.002745628356934,15.587890625,1606.233,2579.029,1137.171,186.271,9080.079,7910.017,1083.339,581.976,1268.564,0.003,2493.309,1506.464,1137.171,759.242
ok,logs/diffusion_profiler_light/sim90_bs4_pb4_40ts_amp,logs/diffusion_profiler_light/sim90_bs4_pb4_40ts_amp/profiler_traces,/home/gkulemeyer/Documents/Repos/RNADiffusion/profiler/logs/diffusion_profiler_light/sim90_bs4_pb4_40ts_amp/profiler_traces/pc59_3193258.1772558969975869494.pt.trace.json,40,4,True,sim90_bs4_pb4_40ts_amp,True,543.2594909667969,2013980.0,NVIDIA RTX A5000,0.0,12.689189910888672,15.587890625,16327.056,3282.104,1233.084,6.438,4.036,4525.662,3.6076613763909013,3.0,8.0,4.0,897.742,393.537,496.2096666666667,6.875333333333333,366.670625,287.189,43.11925,368.82525,695.287,88.51393715587531,5795.998951504825,11678.669108072916,5737.204680671491,11619.874837239584,40993.687662760414,29524.355794270832,0.03449376424153646,0.034497578938802086,2.5431315104166665e-06,5.086263020833333e-06,0.00458526611328125,0.00458526611328125,5812.948271617476,11652.90087890625,0.03134407169808958,124.77473958333333,53083.17919921875,64540.35009765625,0.03449376424153646,0.034497578938802086,3.814697265625e-06,7.62939453125e-06,0.0006103515625,0.0006103515625,78.78438475547061,85.31624348958333,7.82914387005394,14.361002604166666,14.362955729166666,7.183268229166667,0.03468904495239258,0.034709930419921875,0.00014696121215820312,0.0001678466796875,0.001094818115234375,0.00093841552734375,,sim90_bs4_pb4_40ts_amp,sim90_bs4_pb4_40ts_amp,1.0,4.0,False,12.0,13.0,118.20103216171265,12.689189910888672,15.587890625,1802.504,2828.426,1148.754,172.475,10112.273,6585.112,1180.61,461.698,1488.627,0.006,2933.361,1343.159,1148.754,758.405
ok,logs/diffusion_profiler_light/sim90_bs4_pb4_45ts_fp32,logs/diffusion_profiler_light/sim90_bs4_pb4_45ts_fp32/profiler_traces,/home/gkulemeyer/Documents/Repos/RNADiffusion/profiler/logs/diffusion_profiler_light/sim90_bs4_pb4_45ts_fp32/profiler_traces/pc59_3193258.1772559086786877396.pt.trace.json,45,4,False,sim90_bs4_pb4_45ts_fp32,True,516.3761320114136,1934654.0,NVIDIA RTX A5000,0.0,15.698389530181885,16.61328125,13756.222,4136.591,1165.525,6.786,4.377,5313.279,2.589026851403813,3.0,8.0,4.0,904.912,412.39233333333334,484.6516666666667,7.219333333333333,352.37,319.73825,44.81,360.66775,709.1005,96.60768116916469,6874.250490195249,13786.444010416666,6801.724774049416,13713.918294270834,42777.314127604164,29163.734537760418,0.034702301025390625,0.03470611572265625,2.5431315104166665e-06,5.086263020833333e-06,0.005157470703125,0.005157470703125,6925.769910029393,13753.807779947916,0.047321578188784706,67.70247395833333,59617.450358072914,73220.4716796875,0.034702301025390625,0.03470611572265625,3.814697265625e-06,7.62939453125e-06,0.0006866455078125,0.0006866455078125,88.6558927210366,93.98014322916667,5.571908346036584,10.896158854166666,10.896158854166666,10.896158854166666,0.034705162048339844,0.034709930419921875,6.67572021484375e-06,1.1444091796875e-05,0.00093841552734375,0.00093841552734375,,sim90_bs4_pb4_45ts_fp32,sim90_bs4_pb4_45ts_fp32,1.0,4.0,False,12.0,13.0,114.40720987319946,15.698389530181885,16.61328125,1756.067,2884.568,1278.951,179.238,10130.277,8295.505,1237.175,553.043,1453.953,0.003,2818.956,1695.063,1278.951,853.649
ok,logs/diffusion_profiler_light/sim90_bs4_pb4_45ts_amp,logs/diffusion_profiler_light/sim90_bs4_pb4_45ts_amp/profiler_traces,/home/gkulemeyer/Documents/Repos/RNADiffusion/profiler/logs/diffusion_profiler_light/sim90_bs4_pb4_45ts_amp/profiler_traces/pc59_3193258.1772559211075461353.pt.trace.json,45,4,True,sim90_bs4_pb4_45ts_amp,True,609.9956378936768,2261156.0,NVIDIA RTX A5000,0.0,16.118614196777344,16.61328125,18400.336,3715.748,1364.345,6.796,4.495,5091.384,3.6140145783543334,3.0,8.0,4.0,1035.836,477.986,551.4306666666666,5.535333333333333,407.755125,314.53375,39.35475,417.4605,753.20875,80.42635171471314,6575.818417921063,13250.94189453125,6524.393613233563,13199.51708984375,46569.090983072914,33520.376627604164,0.034702301025390625,0.03470611572265625,2.5431315104166665e-06,5.086263020833333e-06,0.005157470703125,0.005157470703125,6592.62507085831,13230.26123046875,0.0274415348048665,130.1220703125,56282.387532552086,69319.10758463542,0.034702301025390625,0.03470611572265625,3.814697265625e-06,7.62939453125e-06,0.0006866455078125,0.0006866455078125,69.62882327410131,74.2666015625,6.20971520118464,10.847493489583334,10.848958333333334,3.595703125,0.03498573303222656,0.035022735595703125,0.0002872467041015625,0.000324249267578125,0.001251220703125,0.00093841552734375,,sim90_bs4_pb4_45ts_amp,sim90_bs4_pb4_45ts_amp,1.0,4.0,False,12.0,13.0,132.6020393371582,16.118614196777344,16.61328125,2041.254,3062.176,1258.133,157.418,11272.635,7454.05,1433.956,529.512,1654.291,0.006,3262.038,1510.733,1258.133,853.681
unknown,/home/gkulemeyer/Documents/Repos/RNADiffusion/profiler/logs/diffusion_profiler_light/sim90_bs4_pb4_50ts,/home/gkulemeyer/Documents/Repos/RNADiffusion/profiler/logs/diffusion_profiler_light/sim90_bs4_pb4_50ts/profiler_traces,/home/gkulemeyer/Documents/Repos/RNADiffusion/profiler/logs/diffusion_profiler_light/sim90_bs4_pb4_50ts/profiler_traces/pc59_3193258.1772552104514407737.pt.trace.json,50,4,False,sim90_bs4_pb4_50ts,True,653.701774597168,2464632.0,NVIDIA RTX A5000,0.0,18.653799533843994,18.9765625,15970.934,5353.292,1414.183,8.133,5.322,6780.93,2.3552719169789396,4.0,8.0,4.0,946.26,406.718,531.2525,6.62425,340.177625,318.526,35.3085,350.11275,684.49075,95.50580491570216,7984.220352646113,16076.035888671875,7936.820206161738,16028.6357421875,54421.77783203125,38531.989013671875,0.020830154418945312,0.020833969116210938,3.814697265625e-06,7.62939453125e-06,0.00572967529296875,0.00572967529296875,8037.751666114042,16014.777954101562,0.04481849018449691,77.5889892578125,69298.02807617188,85176.46569824219,0.020830154418945312,0.020833969116210938,3.814697265625e-06,7.62939453125e-06,0.000762939453125,0.000762939453125,68.13046264648438,75.6077880859375,9.379119873046875,16.8564453125,16.8564453125,11.31689453125,0.02090315818786621,0.020915985107421875,7.681846618652343e-05,8.96453857421875e-05,0.0010166168212890625,0.00093841552734375,,,,,,,,,,,,,,,,,,,,,,,,,
ok,logs/diffusion_profiler_light/sim90_bs4_pb4_50ts_fp32,logs/diffusion_profiler_light/sim90_bs4_pb4_50ts_fp32/profiler_traces,/home/gkulemeyer/Documents/Repos/RNADiffusion/profiler/logs/diffusion_profiler_light/sim90_bs4_pb4_50ts_fp32/profiler_traces/pc59_3193258.1772559924986045302.pt.trace.json,50,4,False,sim90_bs4_pb4_50ts_fp32,True,571.7798147201538,2138829.0,NVIDIA RTX A5000,0.0,18.908836364746094,23.12890625,15804.057,4920.787,1330.237,7.033,4.211,6262.268,2.523695408756061,3.0,8.0,4.0,1126.232,498.77933333333334,617.8893333333334,8.893333333333334,376.534375,342.5975,25.032,387.792,733.35675,89.11085066221067,9007.769420546369,18011.724934895832,8934.20578122345,17938.161295572918,49944.376790364586,32108.3310546875,0.035327911376953125,0.03533172607421875,2.5431315104166665e-06,5.086263020833333e-06,0.00572967529296875,0.00572967529296875,9066.927390335544,17984.33642578125,0.04871889429060011,74.72705078125,75914.21484375,93739.15869140625,0.035327911376953125,0.03533172607421875,3.814697265625e-06,7.62939453125e-06,0.000762939453125,0.000762939453125,90.31610454776423,95.71988932291667,5.650577204014229,11.054361979166666,11.054361979166666,11.054361979166666,0.035330772399902344,0.035335540771484375,6.67572021484375e-06,1.1444091796875e-05,0.00093841552734375,0.00093841552734375,,sim90_bs4_pb4_50ts_fp32,sim90_bs4_pb4_50ts_fp32,1.0,4.0,False,12.0,13.0,117.81825494766235,19.813379287719727,23.12890625,1895.448,2977.896,1370.389,100.125,11441.927,9857.225,1496.336,711.519,1853.665,0.003,3012.27,1911.755,1370.389,964.015
ok,logs/diffusion_profiler_light/sim90_bs4_pb4_50ts_amp,logs/diffusion_profiler_light/sim90_bs4_pb4_50ts_amp/profiler_traces,/home/gkulemeyer/Documents/Repos/RNADiffusion/profiler/logs/diffusion_profiler_light/sim90_bs4_pb4_50ts_amp/profiler_traces/pc59_3193258.1772560058799096076.pt.trace.json,50,4,True,sim90_bs4_pb4_50ts_amp,True,681.6021385192871,2529675.0,NVIDIA RTX A5000,0.0,17.072994709014893,23.12890625,19383.881,4373.428,1411.738,6.892,4.942,5797.0,3.343777988614801,3.0,8.0,4.0,1132.9793333333332,484.20366666666666,644.3113333333333,3.711,388.716,322.44975,28.5925,386.63275,742.30225,91.99156046661852,7984.989152343547,15996.587727864584,7933.124894531047,15944.723470052084,52154.769694010414,36362.800618489586,0.035327911376953125,0.03533172607421875,2.5431315104166665e-06,5.086263020833333e-06,0.00572967529296875,0.00572967529296875,8003.302734534329,16004.381673177084,0.028341697080841107,160.54833984375,74507.60367838542,90287.45865885417,0.035327911376953125,0.03533172607421875,3.814697265625e-06,7.62939453125e-06,0.000762939453125,0.000762939453125,70.06558797998366,74.59602864583333,6.087235115400326,10.61767578125,10.619140625,3.4654947916666665,0.03561134338378906,0.035648345947265625,0.0002872467041015625,0.000324249267578125,0.001251220703125,0.00093841552734375,,sim90_bs4_pb4_50ts_amp,sim90_bs4_pb4_50ts_amp,1.0,4.0,False,12.0,13.0,144.34576559066772,17.073135375976562,23.12890625,1853.912,3001.266,1289.798,114.369,11476.241,8770.47,1452.609,755.986,1932.933,0.006,3109.723,1677.533,1289.798,970.259
ok,logs/diffusion_profiler_light/sim90_bs4_pb4_52ts_fp32,logs/diffusion_profiler_light/sim90_bs4_pb4_52ts_fp32/profiler_traces,/home/gkulemeyer/Documents/Repos/RNADiffusion/profiler/logs/diffusion_profiler_light/sim90_bs4_pb4_52ts_fp32/profiler_traces/pc59_3193258.1772560198922912583.pt.trace.json,52,4,False,sim90_bs4_pb4_52ts_fp32,True,593.9915590286255,2221923.0,NVIDIA RTX A5000,0.0,18.209216117858887,23.12890625,15850.695,5130.359,1345.739,7.203,4.068,6487.369,2.4433163891247744,3.0,8.0,4.0,1051.2206666666668,480.79633333333334,563.0113333333334,6.771,398.6965,364.33425,23.687,413.59725,772.26525,86.71914525543872,9300.157293000484,18597.70849609375,9226.95188935465,18524.503092447918,41208.444010416664,22710.08935546875,0.035640716552734375,0.03564453125,2.5431315104166665e-06,5.086263020833333e-06,0.00595855712890625,0.00595855712890625,9360.33550402583,18646.2373046875,0.0448350707244603,74.67724609375,69730.044921875,88217.28531901042,0.035640716552734375,0.03564453125,3.814697265625e-06,7.62939453125e-06,0.00079345703125,0.00079345703125,89.74258050685977,94.9599609375,5.422919048526423,10.640299479166666,10.640299479166666,10.640299479166666,0.035643577575683594,0.035648345947265625,6.67572021484375e-06,1.1444091796875e-05,0.00093841552734375,0.00093841552734375,,sim90_bs4_pb4_52ts_fp32,sim90_bs4_pb4_52ts_fp32,1.0,4.0,False,12.0,13.0,133.15407705307007,19.625521183013916,23.12890625,1990.381,3139.269,1457.335,94.746,11443.73,10283.216,1442.389,755.855,1689.034,0.003,3189.567,1990.153,1457.335,1004.901
ok,logs/diffusion_profiler_light/sim90_bs4_pb4_52ts_amp,logs/diffusion_profiler_light/sim90_bs4_pb4_52ts_amp/profiler_traces,/home/gkulemeyer/Documents/Repos/RNADiffusion/profiler/logs/diffusion_profiler_light/sim90_bs4_pb4_52ts_amp/profiler_traces/pc59_3193258.1772560346997832083.pt.trace.json,52,4,True,sim90_bs4_pb4_52ts_amp,True,705.6232118606567,2612395.0,NVIDIA RTX A5000,0.0,17.846845626831055,18.662109375,20683.86,4608.145,1566.94,7.168,5.333,6187.586,3.342799599068199,3.0,8.0,4.0,1198.991,527.8763333333334,664.9043333333334,4.828333333333333,445.38175,352.802,43.304,451.85575,835.519,84.90834740954386,8645.706981015119,17389.82958984375,8593.712352108869,17337.8349609375,53947.8798828125,36764.093587239586,0.035640716552734375,0.03564453125,2.5431315104166665e-06,5.086263020833333e-06,0.00595855712890625,0.00595855712890625,8664.84275847759,17397.73193359375,0.028400186422173068,161.95100911458334,81953.82535807292,99125.51350911458,0.035640716552734375,0.03564453125,3.814697265625e-06,7.62939453125e-06,0.00079345703125,0.00079345703125,70.29117966196895,74.86295572916667,6.198406224468954,10.770182291666666,10.771647135416666,3.4654947916666665,0.03592414855957031,0.035961151123046875,0.0002872467041015625,0.000324249267578125,0.001251220703125,0.00093841552734375,,sim90_bs4_pb4_52ts_amp,sim90_bs4_pb4_52ts_amp,1.0,4.0,False,12.0,13.0,157.28208470344543,17.846845626831055,23.1328125,2182.931,3380.004,1411.206,173.215,12647.765,9241.273,1583.627,812.211,1994.711,0.006,3563.05,1744.89,1411.206,1006.116
ok,logs/diffusion_profiler_light/sim90_bs4_pb4_54ts_fp32,logs/diffusion_profiler_light/sim90_bs4_pb4_54ts_fp32/profiler_traces,/home/gkulemeyer/Documents/Repos/RNADiffusion/profiler/logs/diffusion_profiler_light/sim90_bs4_pb4_54ts_fp32/profiler_traces/pc59_3193258.1772560497539194624.pt.trace.json,54,4,False,sim90_bs4_pb4_54ts_fp32,True,617.0810527801514,2306601.0,NVIDIA RTX A5000,0.0,20.503857135772705,21.5625,17503.582,5358.112,1444.582,7.576,4.086,6814.356,2.5686333382054003,3.0,8.0,4.0,1114.1146666666668,503.1023333333333,602.361,8.088333333333333,449.7575,415.81175,38.21725,451.98625,902.08375,99.58212224376295,9949.41516383171,19839.326009114582,9876.223432060877,19766.13427734375,49049.986002604164,29348.252278645832,0.035953521728515625,0.03595733642578125,2.5431315104166665e-06,5.086263020833333e-06,0.00618743896484375,0.00618743896484375,10010.561535514273,19851.126627604168,0.04494396262072306,76.201171875,80401.40511067708,100091.94059244792,0.035953521728515625,0.03595733642578125,3.814697265625e-06,7.62939453125e-06,0.000823974609375,0.000823974609375,89.7208738249492,94.87141927083333,5.330899866615853,10.4814453125,10.4814453125,10.4814453125,0.035956382751464844,0.035961151123046875,6.67572021484375e-06,1.1444091796875e-05,0.00093841552734375,0.00093841552734375,,sim90_bs4_pb4_54ts_fp32,sim90_bs4_pb4_54ts_fp32,1.0,4.0,False,12.0,13.0,140.46746277809143,20.503857135772705,21.5625,2203.147,3648.55,1663.244,152.866,12616.403,10734.596,1509.307,792.104,1807.082,0.003,3598.057,2056.429,1663.244,1035.953
ok,logs/diffusion_profiler_light/sim90_bs4_pb4_54ts_amp,logs/diffusion_profiler_light/sim90_bs4_pb4_54ts_amp/profiler_traces,/home/gkulemeyer/Documents/Repos/RNADiffusion/profiler/logs/diffusion_profiler_light/sim90_bs4_pb4_54ts_amp/profiler_traces/pc59_3193258.1772560650795378314.pt.trace.json,54,4,True,sim90_bs4_pb4_54ts_amp,True,732.2541770935059,2709893.0,NVIDIA RTX A5000,0.0,17.195950508117676,21.587890625,21580.551,4447.004,1589.382,7.344,5.341,6049.071,3.5675810384768174,3.0,8.0,4.0,1229.64,548.371,674.655,4.936,472.6915,370.5465,45.402,486.98625,874.84875,79.64547253644226,7843.692907375759,15839.527018229166,7792.399938625759,15788.234049479166,55677.578287760414,40040.156087239586,0.035953521728515625,0.03595733642578125,2.5431315104166665e-06,5.086263020833333e-06,0.00618743896484375,0.00618743896484375,7860.550725191099,15812.512532552084,0.02323334877724123,123.79736328125,71969.53971354167,87595.23811848958,0.035953521728515625,0.03595733642578125,3.814697265625e-06,7.62939453125e-06,0.000823974609375,0.000823974609375,69.1190691380719,73.7763671875,6.102304815155229,10.759602864583334,10.761067708333334,3.6569010416666665,0.03623695373535156,0.036273956298828125,0.0002872467041015625,0.000324249267578125,0.001251220703125,0.00093841552734375,,sim90_bs4_pb4_54ts_amp,sim90_bs4_pb4_54ts_amp,1.0,4.0,False,12.0,13.0,160.03927445411682,17.195950508117676,21.587890625,2314.314,3537.866,1482.184,181.607,13042.729,8919.252,1645.113,623.008,2023.963,0.006,3781.526,1810.014,1482.184,1044.132
ok,logs/diffusion_profiler_light/sim90_bs4_pb4_56ts_fp32,logs/diffusion_profiler_light/sim90_bs4_pb4_56ts_fp32/profiler_traces,/home/gkulemeyer/Documents/Repos/RNADiffusion/profiler/logs/diffusion_profiler_light/sim90_bs4_pb4_56ts_fp32/profiler_traces/pc59_3193258.1772560800473150106.pt.trace.json,56,4,False,sim90_bs4_pb4_56ts_fp32,True,640.9592514038086,2395999.0,NVIDIA RTX A5000,0.0,21.24388027191162,22.33984375,18273.519,5337.857,1514.246,7.242,4.458,6863.803,2.6623023708576716,3.0,8.0,4.0,1182.0946666666669,569.6856666666666,602.4173333333333,9.388333333333334,469.867375,425.8025,40.468,472.518,933.96975,97.6580257260041,9311.57269248543,18611.548828125,9238.864521912512,18538.840657552082,58083.46533203125,39645.7734375,0.036266326904296875,0.0362701416015625,2.5431315104166665e-06,5.086263020833333e-06,0.00641632080078125,0.00641632080078125,9367.66294029799,18587.918782552082,0.04041123078972982,77.51871744791667,78963.23714192708,97389.0732421875,0.036266326904296875,0.0362701416015625,3.814697265625e-06,7.62939453125e-06,0.0008544921875,0.0008544921875,89.90756002286587,95.10139973958333,5.343595179115854,10.537434895833334,10.537434895833334,10.537434895833334,0.036269187927246094,0.036273956298828125,6.67572021484375e-06,1.1444091796875e-05,0.00093841552734375,0.00093841552734375,,sim90_bs4_pb4_56ts_fp32,sim90_bs4_pb4_56ts_fp32,1.0,4.0,False,12.0,13.0,143.40654945373535,21.24388027191162,22.33984375,2273.911,3783.736,1703.21,161.871,13027.116,10698.994,1709.057,738.544,1807.249,0.003,3758.935,2131.032,1703.21,1074.103
ok,logs/diffusion_profiler_light/sim90_bs4_pb4_56ts_amp,logs/diffusion_profiler_light/sim90_bs4_pb4_56ts_amp/profiler_traces,/home/gkulemeyer/Documents/Repos/RNADiffusion/profiler/logs/diffusion_profiler_light/sim90_bs4_pb4_56ts_amp/profiler_traces/pc59_3193258.1772560960118236501.pt.trace.json,56,4,True,sim90_bs4_pb4_56ts_amp,True,759.4725294113159,2810943.0,NVIDIA RTX A5000,0.0,19.188340663909912,22.33984375,22643.245,4959.798,1685.269,7.497,5.877,6658.441,3.4006826823275897,3.0,8.0,4.0,1320.215,592.1796666666667,720.837,6.228,487.68375,382.734,34.90475,504.994,888.53525,75.94966474849207,9323.439541351625,18706.882486979168,9271.600999684959,18655.0439453125,58075.5771484375,39574.253743489586,0.036266326904296875,0.0362701416015625,2.5431315104166665e-06,5.086263020833333e-06,0.00641632080078125,0.00641632080078125,9342.400608462252,18714.9755859375,0.026182661875074776,161.81363932291666,88033.37972005208,106522.57405598958,0.036266326904296875,0.0362701416015625,3.814697265625e-06,7.62939453125e-06,0.0008544921875,0.0008544921875,70.31765551598244,74.94466145833333,6.350044838899101,10.97705078125,10.978515625,3.4654947916666665,0.03654975891113281,0.036586761474609375,0.0002872467041015625,0.000324249267578125,0.001251220703125,0.00093841552734375,,sim90_bs4_pb4_56ts_amp,sim90_bs4_pb4_56ts_amp,1.0,4.0,False,12.0,13.0,171.32734775543213,19.188340663909912,22.33984375,2412.995,3591.803,1530.935,139.618,13711.106,9946.327,1776.538,869.823,2162.51,0.006,3901.463,1879.737,1530.935,1084.555
ok,logs/diffusion_profiler_light/sim90_bs4_pb4_58ts_fp32,logs/diffusion_profiler_light/sim90_bs4_pb4_58ts_fp32/profiler_traces,/home/gkulemeyer/Documents/Repos/RNADiffusion/profiler/logs/diffusion_profiler_light/sim90_bs4_pb4_58ts_fp32/profiler_traces/pc59_3193258.1772561122365379248.pt.trace.json,58,4,False,sim90_bs4_pb4_58ts_fp32,True,662.5017013549805,2477457.0,NVIDIA RTX A5000,0.0,20.25852394104004,22.33984375,19401.019,5703.815,1646.539,7.221,4.485,7362.06,2.635270427027218,3.0,8.0,4.0,1286.4236666666668,579.3623333333334,697.5313333333334,8.942333333333334,484.919,425.388,25.86625,514.43775,907.2735,76.36215460471165,10346.64731133923,20696.19970703125,10273.55990899548,20623.1123046875,45926.845703125,25329.8818359375,0.036579132080078125,0.03658294677734375,2.5431315104166665e-06,5.086263020833333e-06,0.00664520263671875,0.00664520263671875,10407.253542033444,20744.728515625,0.04019810953857796,74.67724609375,77832.8466796875,98418.3134765625,0.036579132080078125,0.03658294677734375,3.814697265625e-06,7.62939453125e-06,0.000885009765625,0.000885009765625,89.91537252286587,95.06591796875,5.330899866615853,10.4814453125,10.4814453125,10.4814453125,0.036581993103027344,0.036586761474609375,6.67572021484375e-06,1.1444091796875e-05,0.00093841552734375,0.00093841552734375,,sim90_bs4_pb4_58ts_fp32,sim90_bs4_pb4_58ts_fp32,1.0,4.0,False,12.0,13.0,155.40340900421143,20.25852394104004,22.33984375,2447.048,3671.747,1701.551,103.464,13765.832,11430.81,1738.087,841.563,2092.592,0.003,3879.349,2212.006,1701.551,1116.862
ok,logs/diffusion_profiler_light/sim90_bs4_pb4_58ts_amp,logs/diffusion_profiler_light/sim90_bs4_pb4_58ts_amp/profiler_traces,/home/gkulemeyer/Documents/Repos/RNADiffusion/profiler/logs/diffusion_profiler_light/sim90_bs4_pb4_58ts_amp/profiler_traces/pc59_3193258.1772561293583432181.pt.trace.json,58,4,True,sim90_bs4_pb4_58ts_amp,True,787.3619108200073,2914288.0,NVIDIA RTX A5000,0.0,19.870347023010254,22.33984375,24363.51,5531.207,1855.059,7.359,6.12,7399.745,3.292479673286039,3.0,8.0,4.0,1418.131,636.647,771.7073333333334,8.552,512.89525,394.771,22.51425,524.5575,919.0145,75.19804787844994,10219.328426632914,20327.36962890625,10159.92185111208,20267.963053385418,56353.689778645836,36240.700032552086,0.03668340047200521,0.036687215169270836,2.5431315104166665e-06,5.086263020833333e-06,0.00664520263671875,0.00664520263671875,10239.182404657462,20335.669270833332,0.0260556879147381,163.27294921875,89114.1298828125,109214.75895182292,0.03668340047200521,0.036687215169270836,3.814697265625e-06,7.62939453125e-06,0.000885009765625,0.000885009765625,79.56270733094966,86.08138020833333,7.795454726782996,14.314127604166666,14.316080729166666,7.1806640625,0.03687868118286133,0.036899566650390625,0.00014696121215820312,0.0001678466796875,0.001094818115234375,0.00093841552734375,,sim90_bs4_pb4_58ts_amp,sim90_bs4_pb4_58ts_amp,1.0,4.0,False,12.0,13.0,181.69528198242188,19.870347023010254,22.33984375,2522.249,3713.353,1579.081,90.055,14346.106,11089.282,1909.939,1229.264,2315.12,0.006,4103.159,1945.928,1579.081,1123.561
ok,logs/diffusion_profiler_light/sim90_bs4_pb4_60ts_fp32,logs/diffusion_profiler_light/sim90_bs4_pb4_60ts_fp32/profiler_traces,/home/gkulemeyer/Documents/Repos/RNADiffusion/profiler/logs/diffusion_profiler_light/sim90_bs4_pb4_60ts_fp32/profiler_traces/pc59_3193258.1772561467317013388.pt.trace.json,60,4,False,sim90_bs4_pb4_60ts_fp32,True,686.2711143493652,2565019.0,NVIDIA RTX A5000,2.0,22.658946990966797,23.109375,23101.64,5900.507,1913.249,7.54,5.096,7826.392,2.9517611691313186,3.0,8.0,4.0,1537.552,774.9076666666666,753.4373333333334,8.586,538.517375,458.466,29.6375,580.955,984.614,69.48197364684012,10809.130218668843,21551.210123697918,10736.039235595927,21478.119140625,59919.35986328125,38505.817220052086,0.036891937255859375,0.036895751953125,2.5431315104166665e-06,5.086263020833333e-06,0.00687408447265625,0.00687408447265625,10868.566298829037,21561.80078125,0.04101007702583094,75.16715494791667,91136.51595052083,112538.85139973958,0.036891937255859375,0.036895751953125,3.814697265625e-06,7.62939453125e-06,0.00091552734375,0.00091552734375,89.7879072980183,95.0283203125,5.4897302146849585,10.730143229166666,10.730143229166666,10.730143229166666,0.036894798278808594,0.036899566650390625,6.67572021484375e-06,1.1444091796875e-05,0.00093841552734375,0.00093841552734375,,sim90_bs4_pb4_60ts_fp32,sim90_bs4_pb4_60ts_fp32,1.0,4.0,False,12.0,13.0,168.74383926391602,22.658946990966797,23.109375,2757.353,3989.064,1833.861,118.549,15479.993,11826.14,2324.722,854.347,2260.31,0.003,4308.137,2284.935,1833.861,1153.581
ok,logs/diffusion_profiler_light/sim90_bs4_pb4_60ts_amp,logs/diffusion_profiler_light/sim90_bs4_pb4_60ts_amp/profiler_traces,/home/gkulemeyer/Documents/Repos/RNADiffusion/profiler/logs/diffusion_profiler_light/sim90_bs4_pb4_60ts_amp/profiler_traces/pc59_3193258.1772561663098137311.pt.trace.json,60,4,True,sim90_bs4_pb4_60ts_amp,True,812.741828918457,3006435.0,NVIDIA RTX A5000,0.0,17.704875469207764,21.5703125,31361.371,4679.153,2137.778,7.101,5.548,6829.58,4.591991161974821,3.0,8.0,4.0,1862.344,682.596,1171.5553333333332,6.592666666666667,597.4415,471.03425,73.259,629.32625,1110.278,76.42327806920495,7074.751804920906,14252.465983072916,7024.044285389656,14201.758463541666,51156.683430989586,37101.779134114586,0.036891937255859375,0.036895751953125,2.5431315104166665e-06,5.086263020833333e-06,0.00687408447265625,0.00687408447265625,7089.1594347977925,14201.51611328125,0.016975706456469657,95.904296875,60789.682779947914,74833.19091796875,0.036891937255859375,0.036895751953125,3.814697265625e-06,7.62939453125e-06,0.00091552734375,0.00091552734375,68.11253574346405,72.75260416666667,6.008857358047385,10.64892578125,10.650390625,3.673828125,0.03717536926269531,0.037212371826171875,0.0002872467041015625,0.000324249267578125,0.001251220703125,0.00093841552734375,,sim90_bs4_pb4_60ts_amp,sim90_bs4_pb4_60ts_amp,1.0,4.0,False,12.0,13.0,200.32377815246582,20.6322283744812,23.1328125,2996.009,4477.228,1884.133,293.033,18600.048,9383.554,2047.787,589.117,3514.664,0.006,4779.528,2013.636,1884.133,1156.378
oom,logs/diffusion_profiler_light/sim90_bs4_pb4_62ts_fp32,logs/diffusion_profiler_light/sim90_bs4_pb4_62ts_fp32/profiler_traces,/home/gkulemeyer/Documents/Repos/RNADiffusion/profiler/logs/diffusion_profiler_light/sim90_bs4_pb4_62ts_fp32/profiler_traces/pc59_3193258.1772561743247494880.pt.trace.json,62,4,False,sim90_bs4_pb4_62ts_fp32,True,33.504178047180176,121559.0,NVIDIA RTX A5000,3.0,22.571765422821045,23.126953125,1741.998,295.94,135.539,0.431,0.0,431.91,4.033243036743766,1.0,0.0,0.0,834.157,833.246,0.0,0.0,0.0,0.0,0.0,0.0,0.0,0.0,11730.658246120995,23113.48779296875,11657.714886745995,23040.54443359375,60698.66357421875,37658.68115234375,0.037204742431640625,0.03720855712890625,0.0,0.0,0.00682830810546875,0.00682830810546875,,,,,,,,,,,,,,,,,,,,,,,,,"CUDA out of memory. Tried to allocate 20.00 MiB. GPU 0 has a total capacty of 23.68 GiB of which 23.00 MiB is free. Including non-PyTorch memory, this process has 23.43 GiB memory in use. Of the allocated memory 22.57 GiB is allocated by PyTorch, and 569.07 MiB is reserved by PyTorch but unallocated. If reserved but unallocated memory is large try setting max_split_size_mb to avoid fragmentation.  See documentation for Memory Management and PYTORCH_CUDA_ALLOC_CONF",sim90_bs4_pb4_62ts_fp32,sim90_bs4_pb4_62ts_fp32,1.0,4.0,False,12.0,13.0,10.706435441970825,22.571765422821045,23.126953125,0.0,0.0,0.0,0.0,834.916,592.742,833.245,295.94,0.0,0.0,0.0,0.0,0.0,0.0
ok,logs/diffusion_profiler_light/sim90_bs4_pb4_62ts_amp,logs/diffusion_profiler_light/sim90_bs4_pb4_62ts_amp/profiler_traces,/home/gkulemeyer/Documents/Repos/RNADiffusion/profiler/logs/diffusion_profiler_light/sim90_bs4_pb4_62ts_amp/profiler_traces/pc59_3193258.1772561870353312579.pt.trace.json,62,4,True,sim90_bs4_pb4_62ts_amp,True,840.1868658065796,3109213.0,NVIDIA RTX A5000,0.0,21.342730045318604,22.09375,30005.125,5002.127,2196.146,7.146,5.391,7210.81,4.161130996379048,3.0,8.0,4.0,1685.3183333333332,834.6533333333334,839.073,10.194333333333335,633.160875,485.06125,23.3975,696.7615,1078.4615,54.782016514976796,7526.971556045705,15054.501139322916,7476.253945368622,15003.783528645834,55679.73828125,40822.641764322914,0.037204742431640625,0.03720855712890625,2.5431315104166665e-06,5.086263020833333e-06,0.00710296630859375,0.00710296630859375,7541.299713267581,15006.320149739584,0.01672131312413819,98.50602213541667,63270.998697916664,78116.1494140625,0.037204742431640625,0.03720855712890625,3.814697265625e-06,7.62939453125e-06,0.000946044921875,0.000946044921875,68.78332886540034,73.43277994791667,6.119917407066993,10.769368489583334,10.770833333333334,3.673828125,0.03748817443847656,0.037525177001953125,0.0002872467041015625,0.000324249267578125,0.001251220703125,0.00093841552734375,,sim90_bs4_pb4_62ts_amp,sim90_bs4_pb4_62ts_amp,1.0,4.0,False,12.0,13.0,196.441011428833,21.342730045318604,23.1328125,3211.102,4358.343,1940.243,93.587,17148.186,10029.12,2503.959,762.26,2517.218,0.006,5065.283,2082.15,1940.243,1194.158
ok,logs/diffusion_profiler_light/sim90_bs4_pb4_64ts_fp32,logs/diffusion_profiler_light/sim90_bs4_pb4_64ts_fp32/profiler_traces,/home/gkulemeyer/Documents/Repos/RNADiffusion/profiler/logs/diffusion_profiler_light/sim90_bs4_pb4_64ts_fp32/profiler_traces/pc59_3193258.1772562058332052128.pt.trace.json,64,4,False,sim90_bs4_pb4_64ts_fp32,True,732.5218896865845,2737871.0,NVIDIA RTX A5000,0.0,22.34773349761963,23.1328125,21229.517,6175.937,1832.068,7.429,5.887,8021.321,2.646636009205965,3.0,8.0,4.0,1360.5393333333332,595.3663333333334,754.2086666666667,10.332,539.4085,502.17575,26.49875,556.0785,1051.9505,89.1730214349233,10994.017096387848,22008.361490885418,10921.016608106596,21935.361002604168,60589.073404947914,38717.32080078125,0.037517547607421875,0.0375213623046875,2.5431315104166665e-06,5.086263020833333e-06,0.00733184814453125,0.00733184814453125,11051.369114772644,22016.5322265625,0.034980937793478994,71.77913411458333,84647.30338541667,106507.8779296875,0.037517547607421875,0.0375213623046875,3.814697265625e-06,7.62939453125e-06,0.0009765625,0.0009765625,89.81272627667683,95.24267578125,5.634178099593496,11.064127604166666,11.064127604166666,11.064127604166666,0.037520408630371094,0.037525177001953125,6.67572021484375e-06,1.1444091796875e-05,0.00093841552734375,0.00093841552734375,,sim90_bs4_pb4_64ts_fp32,sim90_bs4_pb4_64ts_fp32,1.0,4.0,False,12.0,13.0,175.93086743354797,22.34773349761963,23.1328125,2653.511,4252.131,2008.7,105.993,15153.73,12378.262,1786.098,891.486,2262.624,0.003,4315.263,2439.683,2008.7,1226.438
ok,logs/diffusion_profiler_light/sim90_bs4_pb4_64ts_amp,logs/diffusion_profiler_light/sim90_bs4_pb4_64ts_amp/profiler_traces,/home/gkulemeyer/Documents/Repos/RNADiffusion/profiler/logs/diffusion_profiler_light/sim90_bs4_pb4_64ts_amp/profiler_traces/pc59_3193258.1772562254561457896.pt.trace.json,64,4,True,sim90_bs4_pb4_64ts_amp,True,867.6923894882202,3210265.0,NVIDIA RTX A5000,0.0,22.831581115722656,23.060546875,29181.144,5748.359,2102.27,7.598,6.844,7865.071,3.71022003488589,3.0,8.0,4.0,1642.1606666666667,797.3913333333334,837.1986666666667,6.595666666666667,641.8085,466.72725,17.04275,705.48275,1062.3605,50.58631837560876,11110.345085925672,22241.567057291668,11058.07327602984,22189.295247395832,68653.87434895833,46619.449544270836,0.037517547607421875,0.0375213623046875,2.5431315104166665e-06,5.086263020833333e-06,0.00733184814453125,0.00733184814453125,11129.954526825002,22249.802897135418,0.023154280623286994,163.10628255208334,97933.92203776042,119955.73942057292,0.037517547607421875,0.0375213623046875,3.814697265625e-06,7.62939453125e-06,0.0009765625,0.0009765625,71.09112317453024,75.88655598958333,6.211891403696895,11.00732421875,11.0087890625,3.7955729166666665,0.03780097961425781,0.037837982177734375,0.0002872467041015625,0.000324249267578125,0.001251220703125,0.00093841552734375,,sim90_bs4_pb4_64ts_amp,sim90_bs4_pb4_64ts_amp,1.0,4.0,False,12.0,13.0,211.15504693984985,22.831581115722656,23.1328125,3317.916,4295.633,1866.906,68.17,17055.892,11525.368,2392.173,1024.62,2511.593,0.006,5134.465,2149.247,1866.906,1231.539
oom,logs/diffusion_profiler_light/sim90_bs4_pb4_66ts_fp32,logs/diffusion_profiler_light/sim90_bs4_pb4_66ts_fp32/profiler_traces,,66,4,False,sim90_bs4_pb4_66ts_fp32,False,,,,,,,,,,,,,,,,,,,,,,,,,,,,,,,,,,,,,,,,,,,,,,,,,,,,,,,,,,,,,,,"CUDA out of memory. Tried to allocate 16.00 MiB. GPU 0 has a total capacty of 23.68 GiB of which 21.00 MiB is free. Including non-PyTorch memory, this process has 23.44 GiB memory in use. Of the allocated memory 22.35 GiB is allocated by PyTorch, and 799.12 MiB is reserved by PyTorch but unallocated. If reserved but unallocated memory is large try setting max_split_size_mb to avoid fragmentation.  See documentation for Memory Management and PYTORCH_CUDA_ALLOC_CONF",sim90_bs4_pb4_66ts_fp32,sim90_bs4_pb4_66ts_fp32,1.0,4.0,False,12.0,13.0,1.5457751750946045,22.348516941070557,23.12890625,0.0,0.0,0.0,0.0,0.02,0.0,0.0,0.0,0.0,0.0,0.0,0.0,0.0,0.0
ok,logs/diffusion_profiler_light/sim90_bs4_pb4_66ts_amp,logs/diffusion_profiler_light/sim90_bs4_pb4_66ts_amp/profiler_traces,/home/gkulemeyer/Documents/Repos/RNADiffusion/profiler/logs/diffusion_profiler_light/sim90_bs4_pb4_66ts_amp/profiler_traces/pc59_3193258.1772562472511599142.pt.trace.json,66,4,True,sim90_bs4_pb4_66ts_amp,True,896.6170778274536,3309817.0,NVIDIA RTX A5000,0.0,20.914335250854492,23.1328125,30320.882,5269.44,2511.809,7.244,6.239,7794.732,3.8899197560608885,3.0,8.0,4.0,1809.8456666666668,945.5993333333333,856.8746666666666,6.453666666666667,617.229,482.32625,23.898,630.112,1111.02775,76.322264930679,8690.706157086592,17468.97900390625,8639.605733909508,17417.878580729168,63557.525065104164,46288.378743489586,0.037830352783203125,0.03783416748046875,2.5431315104166665e-06,5.086263020833333e-06,0.00756072998046875,0.00756072998046875,8706.30314164982,17455.291666666668,0.018079085596256064,135.044921875,85373.20703125,102630.53597005208,0.037830352783203125,0.03783416748046875,3.814697265625e-06,7.62939453125e-06,0.001007080078125,0.001007080078125,69.27913539113563,73.89485677083333,6.361329401552287,10.97705078125,10.978515625,3.4654947916666665,0.03811378479003906,0.038150787353515625,0.0002872467041015625,0.000324249267578125,0.001251220703125,0.00093841552734375,,sim90_bs4_pb4_66ts_amp,sim90_bs4_pb4_66ts_amp,1.0,4.0,False,12.0,13.0,219.3315839767456,22.798519611358643,23.1328125,2968.201,4490.753,1929.302,95.59,17462.874,10565.78,2836.796,691.432,2570.622,0.006,4937.83,2216.187,1929.302,1271.733
oom,logs/diffusion_profiler_light/sim90_bs4_pb4_68ts_fp32,logs/diffusion_profiler_light/sim90_bs4_pb4_68ts_fp32/profiler_traces,/home/gkulemeyer/Documents/Repos/RNADiffusion/profiler/logs/diffusion_profiler_light/sim90_bs4_pb4_68ts_fp32/profiler_traces/pc59_3193258.1772562577616140690.pt.trace.json,68,4,False,sim90_bs4_pb4_68ts_fp32,True,34.224653244018555,123924.0,NVIDIA RTX A5000,3.0,22.92442750930786,23.12109375,2105.447,300.468,154.733,0.44,0.0,455.641,4.620846236401026,1.0,0.0,0.0,877.585,876.97,0.0,0.0,0.0,0.0,0.0,0.0,0.0,0.0,11885.122865493253,23474.61376953125,11811.831849868253,23401.32275390625,54155.44873046875,30769.1435546875,0.038143157958984375,0.03814697265625,0.0,0.0,0.0069427490234375,0.0069427490234375,,,,,,,,,,,,,,,,,,,,,,,,,"CUDA out of memory. Tried to allocate 32.00 MiB. GPU 0 has a total capacty of 23.68 GiB of which 47.62 MiB is free. Including non-PyTorch memory, this process has 23.41 GiB memory in use. Of the allocated memory 22.91 GiB is allocated by PyTorch, and 198.40 MiB is reserved by PyTorch but unallocated. If reserved but unallocated memory is large try setting max_split_size_mb to avoid fragmentation.  See documentation for Memory Management and PYTORCH_CUDA_ALLOC_CONF",sim90_bs4_pb4_68ts_fp32,sim90_bs4_pb4_68ts_fp32,1.0,4.0,False,12.0,13.0,25.123140573501587,22.92442750930786,23.12109375,0.0,0.0,0.0,0.0,878.329,601.816,876.969,300.468,0.0,0.0,0.0,0.0,0.0,0.0
oom,logs/diffusion_profiler_light/sim90_bs4_pb4_68ts_amp,logs/diffusion_profiler_light/sim90_bs4_pb4_68ts_amp/profiler_traces,,68,4,True,sim90_bs4_pb4_68ts_amp,False,,,,,,,,,,,,,,,,,,,,,,,,,,,,,,,,,,,,,,,,,,,,,,,,,,,,,,,,,,,,,,,"CUDA out of memory. Tried to allocate 20.00 MiB. GPU 0 has a total capacty of 23.68 GiB of which 35.00 MiB is free. Including non-PyTorch memory, this process has 23.42 GiB memory in use. Of the allocated memory 22.82 GiB is allocated by PyTorch, and 305.77 MiB is reserved by PyTorch but unallocated. If reserved but unallocated memory is large try setting max_split_size_mb to avoid fragmentation.  See documentation for Memory Management and PYTORCH_CUDA_ALLOC_CONF",sim90_bs4_pb4_68ts_amp,sim90_bs4_pb4_68ts_amp,1.0,4.0,False,12.0,13.0,2.1259725093841553,22.821013927459717,23.1328125,0.0,0.0,0.0,0.0,0.021,0.0,0.0,0.0,0.0,0.0,0.0,0.0,0.0,0.0
unknown,/home/gkulemeyer/Documents/Repos/RNADiffusion/profiler/logs/diffusion_profiler_light/sim90_bs4_pb4_75ts,/home/gkulemeyer/Documents/Repos/RNADiffusion/profiler/logs/diffusion_profiler_light/sim90_bs4_pb4_75ts/profiler_traces,/home/gkulemeyer/Documents/Repos/RNADiffusion/profiler/logs/diffusion_profiler_light/sim90_bs4_pb4_75ts/profiler_traces/pc59_3193258.1772552445976460028.pt.trace.json,75,4,False,sim90_bs4_pb4_75ts,True,159.75377750396729,608768.0,NVIDIA RTX A5000,4.0,22.860162258148193,23.123046875,4855.408,1161.771,349.712,1.629,2.419,1515.531,3.2037668645511044,2.0,0.0,0.0,1082.3,650.1735,849.803,11.598,0.0,0.0,0.0,0.0,0.0,0.0,11229.384873236344,22543.995361328125,11188.167588080094,22502.778076171875,71478.66625976562,49051.81396484375,0.02911376953125,0.029117584228515625,3.814697265625e-06,7.62939453125e-06,0.008052825927734375,0.008052825927734375,10826.623867054577,21611.677734375,0.028790117920563605,70.2822265625,110232.03515625,131732.2021484375,0.028957366943359375,0.028961181640625,3.814697265625e-06,7.62939453125e-06,0.0011444091796875,0.0011444091796875,59.583445479230186,72.4189453125,18.354929854230182,31.1904296875,31.1904296875,10.3876953125,0.029240798950195313,0.029277801513671875,0.0002872467041015625,0.000324249267578125,0.001251220703125,0.00093841552734375,,,,,,,,,,,,,,,,,,,,,,,,,
oom,logs/diffusion_profiler_light/sim90_bs4_pb4_75ts_fp32,logs/diffusion_profiler_light/sim90_bs4_pb4_75ts_fp32/profiler_traces,,75,4,False,sim90_bs4_pb4_75ts_fp32,False,,,,,,,,,,,,,,,,,,,,,,,,,,,,,,,,,,,,,,,,,,,,,,,,,,,,,,,,,,,,,,,"CUDA out of memory. Tried to allocate 16.00 MiB. GPU 0 has a total capacty of 23.68 GiB of which 21.00 MiB is free. Including non-PyTorch memory, this process has 23.44 GiB memory in use. Of the allocated memory 22.87 GiB is allocated by PyTorch, and 263.39 MiB is reserved by PyTorch but unallocated. If reserved but unallocated memory is large try setting max_split_size_mb to avoid fragmentation.  See documentation for Memory Management and PYTORCH_CUDA_ALLOC_CONF",sim90_bs4_pb4_75ts_fp32,sim90_bs4_pb4_75ts_fp32,1.0,4.0,False,12.0,13.0,1.3062801361083984,22.87169075012207,23.1328125,0.0,0.0,0.0,0.0,0.017,0.0,0.0,0.0,0.0,0.0,0.0,0.0,0.0,0.0
oom,logs/diffusion_profiler_light/sim90_bs4_pb4_75ts_amp,logs/diffusion_profiler_light/sim90_bs4_pb4_75ts_amp/profiler_traces,/home/gkulemeyer/Documents/Repos/RNADiffusion/profiler/logs/diffusion_profiler_light/sim90_bs4_pb4_75ts_amp/profiler_traces/pc59_3193258.1772559549323446306.pt.trace.json,75,4,True,sim90_bs4_pb4_75ts_amp,True,48.043203353881836,173119.0,NVIDIA RTX A5000,36.0,22.904239654541016,23.12890625,4810.561,311.196,212.781,0.459,0.272,524.708,9.168072527958408,1.0,0.0,0.0,1326.889,1325.299,0.0,0.0,0.0,0.0,0.0,0.0,0.0,0.0,11729.234361295112,23453.94140625,11677.247056607612,23401.9541015625,67364.03125,43977.13818359375,0.035327911376953125,0.03533172607421875,0.0,0.0,0.00774383544921875,0.00774383544921875,,,,,,,,,,,,,,,,,,,,,,,,,"CUDA out of memory. Tried to allocate 16.00 MiB. GPU 0 has a total capacty of 23.68 GiB of which 21.00 MiB is free. Including non-PyTorch memory, this process has 23.44 GiB memory in use. Of the allocated memory 22.90 GiB is allocated by PyTorch, and 230.06 MiB is reserved by PyTorch but unallocated. If reserved but unallocated memory is large try setting max_split_size_mb to avoid fragmentation.  See documentation for Memory Management and PYTORCH_CUDA_ALLOC_CONF",sim90_bs4_pb4_75ts_amp,sim90_bs4_pb4_75ts_amp,1.0,4.0,False,12.0,13.0,14.617442607879639,22.904239654541016,23.1328125,0.0,0.0,0.0,0.0,1327.165,623.854,1325.299,311.468,0.0,0.0,0.0,0.0,0.0,0.0
