run_name,status,timesteps,batch_size,use_amp,oom_events,trace_path,trace_size_mb,train_batch_ms,train_forward_ms,train_backward_ms,train_step_ms,eval_no_f1_ms,eval_with_f1_ms,max_alloc_gb_trace,max_reserved_gb_trace,cpu_op_ms_trace,gpu_total_ms_trace,train_forward_alloc_delta_avg_mb_gpu,train_forward_alloc_delta_peak_mb_gpu,train_backward_alloc_delta_avg_mb_gpu,train_backward_alloc_delta_peak_mb_gpu,train_step_alloc_delta_avg_mb_gpu,train_step_alloc_delta_peak_mb_gpu,train_forward_alloc_delta_avg_mb_cpu,train_forward_alloc_delta_peak_mb_cpu,train_backward_alloc_delta_avg_mb_cpu,train_backward_alloc_delta_peak_mb_cpu,train_step_alloc_delta_avg_mb_cpu,train_step_alloc_delta_peak_mb_cpu,train_forward_alloc_traffic_mb_gpu,train_forward_free_traffic_mb_gpu,train_backward_alloc_traffic_mb_gpu,train_backward_free_traffic_mb_gpu,train_step_alloc_traffic_mb_gpu,train_step_free_traffic_mb_gpu,train_forward_alloc_traffic_mb_cpu,train_forward_free_traffic_mb_cpu,train_backward_alloc_traffic_mb_cpu,train_backward_free_traffic_mb_cpu,train_step_alloc_traffic_mb_cpu,train_step_free_traffic_mb_cpu
sim90_bs4_pb4_5ts_fp32,ok,5,4,False,0.0,/home/gkulemeyer/Documents/Repos/RNADiffusion/profiler/logs/diffusion_profiler_light/sim90_bs4_pb4_5ts_fp32/profiler_traces/pc59_3193258.1772558122981464965.pt.trace.json,62.414419174194336,167.67233333333334,85.72366666666667,77.80833333333332,3.556,40.94925,95.189,1.8216514587402344,23.1328125,2253.39,608.221,701.3413519562255,1555.62890625,0.41127444881280595,74.34651692708333,5.657607660060975,11.0498046875,2.5431315104166665e-06,5.086263020833333e-06,3.814697265625e-06,7.62939453125e-06,6.67572021484375e-06,1.1444091796875e-05,5650.099446614583,4232.112467447917,6185.441080729167,7592.227213541667,11.0498046875,11.0498046875,0.000579833984375,0.000579833984375,7.62939453125e-05,7.62939453125e-05,0.00093841552734375,0.00093841552734375
sim90_bs4_pb4_5ts_amp,ok,5,4,True,0.0,/home/gkulemeyer/Documents/Repos/RNADiffusion/profiler/logs/diffusion_profiler_light/sim90_bs4_pb4_5ts_amp/profiler_traces/pc59_3193258.1772558139504990093.pt.trace.json,71.49131679534912,127.686,59.42666666666666,63.17,4.475666666666667,53.141,124.07025,1.9069132804870605,23.1328125,2336.048,601.573,818.8765320755332,1792.6105143229167,0.2851040017491653,161.81363932291666,5.583212187795929,11.540690104166666,2.5431315104166665e-06,5.086263020833333e-06,3.814697265625e-06,7.62939453125e-06,6.67572021484375e-06,1.1444091796875e-05,5201.910481770833,3562.9601236979165,7833.333821614583,9460.697916666666,11.543131510416666,11.543131510416666,0.000579833984375,0.000579833984375,7.62939453125e-05,7.62939453125e-05,0.00093841552734375,0.00093841552734375
sim90_bs4_pb4_10ts,unknown,10,4,False,0.0,/home/gkulemeyer/Documents/Repos/RNADiffusion/profiler/logs/diffusion_profiler_light/sim90_bs4_pb4_10ts/profiler_traces/pc59_3193258.1772551478233592020.pt.trace.json,145.7107334136963,394.7635,209.72875,167.574,16.98075,80.4305,171.97325,3.8883910179138184,4.1640625,6074.183,1957.16,1480.737574269845,3114.0379638671875,0.2191623940113901,71.03466796875,8.953686970036205,16.263671875,3.814697265625e-06,7.62939453125e-06,3.814697265625e-06,7.62939453125e-06,7.681846618652343e-05,8.96453857421875e-05,9205.911743164062,6230.015869140625,13098.0078125,16058.884155273438,16.263671875,10.88623046875,0.00115203857421875,0.00115203857421875,0.000152587890625,0.000152587890625,0.0010166168212890625,0.00093841552734375
sim90_bs4_pb4_10ts_fp32,ok,10,4,False,0.0,/home/gkulemeyer/Documents/Repos/RNADiffusion/profiler/logs/diffusion_profiler_light/sim90_bs4_pb4_10ts_fp32/profiler_traces/pc59_3193258.1772558162292663788.pt.trace.json,115.54751396179199,203.68133333333336,93.87766666666667,103.887,5.267666666666667,81.86225,170.30925,3.9101014137268066,23.1328125,3017.434,1253.201,1804.9157896878442,3767.3819986979165,0.25513319190079575,76.2509765625,5.910334889481708,11.5322265625,2.5431315104166665e-06,5.086263020833333e-06,3.814697265625e-06,7.62939453125e-06,6.67572021484375e-06,1.1444091796875e-05,11093.78466796875,7466.770345052083,16597.778483072918,20213.964518229168,11.5322265625,11.5322265625,0.00115203857421875,0.00115203857421875,0.000152587890625,0.000152587890625,0.00093841552734375,0.00093841552734375
sim90_bs4_pb4_10ts_amp,ok,10,4,True,0.0,/home/gkulemeyer/Documents/Repos/RNADiffusion/profiler/logs/diffusion_profiler_light/sim90_bs4_pb4_10ts_amp/profiler_traces/pc59_3193258.1772558192636373528.pt.trace.json,138.82420253753662,235.42566666666664,105.477,124.13,5.196,94.92375,216.1095,3.7760791778564453,23.1328125,4314.379,1192.351,1703.547441045602,3567.0458984375,0.1467687817061619,163.29703776041666,5.562819047407671,11.4697265625,2.5431315104166665e-06,5.086263020833333e-06,3.814697265625e-06,7.62939453125e-06,6.67572021484375e-06,1.1444091796875e-05,10750.4765625,7338.363606770833,15221.52099609375,18621.43701171875,11.47216796875,11.47216796875,0.00115203857421875,0.00115203857421875,0.000152587890625,0.000152587890625,0.00093841552734375,0.00093841552734375
sim90_bs4_pb4_15ts_fp32,ok,15,4,False,0.0,/home/gkulemeyer/Documents/Repos/RNADiffusion/profiler/logs/diffusion_profiler_light/sim90_bs4_pb4_15ts_fp32/profiler_traces/pc59_3193258.1772558228495300640.pt.trace.json,173.60128498077393,274.095,126.68366666666667,142.64366666666666,4.301666666666667,112.32175,250.47075,5.329360485076904,23.1328125,4236.962,1752.541,2117.667063174254,4351.50390625,0.13732479243997545,77.34033203125,5.549293580094004,10.862141927083334,2.5431315104166665e-06,5.086263020833333e-06,3.814697265625e-06,7.62939453125e-06,6.67572021484375e-06,1.1444091796875e-05,14941.40869140625,10689.58544921875,19108.436686197918,23348.699055989582,10.862141927083334,10.862141927083334,0.0017242431640625,0.0017242431640625,0.0002288818359375,0.0002288818359375,0.00093841552734375,0.00093841552734375
sim90_bs4_pb4_15ts_amp,ok,15,4,True,0.0,/home/gkulemeyer/Documents/Repos/RNADiffusion/profiler/logs/diffusion_profiler_light/sim90_bs4_pb4_15ts_amp/profiler_traces/pc59_3193258.1772558273660154951.pt.trace.json,214.50948524475098,540.9336666666667,272.3546666666667,258.99966666666666,9.017,148.398,273.0055,5.210321426391602,23.1328125,8708.665,1757.334,2054.747128559331,4259.97802734375,0.07562078314656488,87.36442057291667,10.154995406587707,18.696126302083332,2.5431315104166665e-06,5.086263020833333e-06,3.814697265625e-06,7.62939453125e-06,0.00010019938151041666,0.00011571248372395833,14237.203287760416,10127.022135416666,16927.5400390625,21025.836263020832,18.698567708333332,10.854654947916666,0.0017242431640625,0.0017242431640625,0.0002288818359375,0.0002288818359375,0.0010426839192708333,0.00093841552734375
sim90_bs4_pb4_25ts,unknown,25,4,False,0.0,/home/gkulemeyer/Documents/Repos/RNADiffusion/profiler/logs/diffusion_profiler_light/sim90_bs4_pb4_25ts/profiler_traces/pc59_3193258.1772551588833247502.pt.trace.json,331.9356632232666,509.0175,213.0825,290.1,5.3295,167.105,381.57525,9.403230667114258,9.650390625,8435.414,3448.993,4079.72303674663,8315.990234375,0.09180287082897103,75.8214111328125,8.963203616258575,16.2130126953125,3.814697265625e-06,7.62939453125e-06,3.814697265625e-06,7.62939453125e-06,7.681846618652343e-05,8.96453857421875e-05,27821.291137695312,19644.561889648438,35257.878173828125,43423.59814453125,16.2130126953125,10.65234375,0.00286865234375,0.00286865234375,0.0003814697265625,0.0003814697265625,0.0010166168212890625,0.00093841552734375
sim90_bs4_pb4_25ts_fp32,ok,25,4,False,0.0,/home/gkulemeyer/Documents/Repos/RNADiffusion/profiler/logs/diffusion_profiler_light/sim90_bs4_pb4_25ts_fp32/profiler_traces/pc59_3193258.1772558332307347559.pt.trace.json,289.6149311065674,585.5566666666666,281.4276666666667,297.5986666666667,5.990666666666667,188.0305,408.6595,10.022832870483398,23.1328125,8465.36,3215.512,4915.822122890873,9993.452311197916,0.10512668515464386,82.39713541666667,5.584020102896342,10.995768229166666,2.5431315104166665e-06,5.086263020833333e-06,3.814697265625e-06,7.62939453125e-06,6.67572021484375e-06,1.1444091796875e-05,31084.147786458332,21232.164388020832,38887.552734375,48728.58935546875,10.995768229166666,10.995768229166666,0.00286865234375,0.00286865234375,0.0003814697265625,0.0003814697265625,0.00093841552734375,0.00093841552734375
sim90_bs4_pb4_25ts_amp,ok,25,4,True,0.0,/home/gkulemeyer/Documents/Repos/RNADiffusion/profiler/logs/diffusion_profiler_light/sim90_bs4_pb4_25ts_amp/profiler_traces/pc59_3193258.1772558402358147473.pt.trace.json,341.01413440704346,614.622,284.513,321.123,7.844333333333333,224.221,451.69625,8.552274227142334,23.1328125,10515.938,2956.518,4166.1663869888325,8490.504231770834,0.059353645900566986,162.54329427083334,7.9920162389056015,14.551432291666666,2.5431315104166665e-06,5.086263020833333e-06,3.814697265625e-06,7.62939453125e-06,0.00014696121215820312,0.0001678466796875,25317.562825520832,16981.580891927082,38533.156412760414,46857.410807291664,14.553385416666666,7.164713541666667,0.00286865234375,0.00286865234375,0.0003814697265625,0.0003814697265625,0.001094818115234375,0.00093841552734375
sim90_bs4_pb4_30ts_fp32,ok,30,4,False,0.0,/home/gkulemeyer/Documents/Repos/RNADiffusion/profiler/logs/diffusion_profiler_light/sim90_bs4_pb4_30ts_fp32/profiler_traces/pc59_3193258.1772558477314091372.pt.trace.json,343.7995557785034,570.7646666666666,265.8686666666667,297.888,6.392,240.7495,415.43,11.292572975158691,23.1328125,8535.642,3773.376,5543.566607622352,11206.959309895834,0.08436480254164114,77.72509765625,5.460935515116869,10.698567708333334,2.5431315104166665e-06,5.086263020833333e-06,3.814697265625e-06,7.62939453125e-06,6.67572021484375e-06,1.1444091796875e-05,32175.523600260418,21071.216959635418,48888.02392578125,59981.47412109375,10.698567708333334,10.698567708333334,0.00344085693359375,0.00344085693359375,0.000457763671875,0.000457763671875,0.00093841552734375,0.00093841552734375
sim90_bs4_pb4_30ts_amp,ok,30,4,True,0.0,/home/gkulemeyer/Documents/Repos/RNADiffusion/profiler/logs/diffusion_profiler_light/sim90_bs4_pb4_30ts_amp/profiler_traces/pc59_3193258.1772558561785946360.pt.trace.json,408.36012077331543,712.638,337.1956666666667,367.176,7.638666666666667,278.76525,463.68575,10.819221496582031,11.091796875,12181.275,3511.949,4994.940635026752,10151.619466145834,0.04852199817206974,162.37662760416666,8.038640635734644,14.736002604166666,2.5431315104166665e-06,5.086263020833333e-06,3.814697265625e-06,7.62939453125e-06,0.00014696121215820312,0.0001678466796875,32989.48486328125,22992.36328125,46258.089680989586,56242.743489583336,14.737955729166666,7.4697265625,0.00344085693359375,0.00344085693359375,0.000457763671875,0.000457763671875,0.001094818115234375,0.00093841552734375
sim90_bs4_pb4_35ts_fp32,ok,35,4,False,0.0,/home/gkulemeyer/Documents/Repos/RNADiffusion/profiler/logs/diffusion_profiler_light/sim90_bs4_pb4_35ts_fp32/profiler_traces/pc59_3193258.1772558652866775056.pt.trace.json,400.67511653900146,734.1576666666666,339.8986666666667,385.6213333333333,8.078666666666667,290.47525,560.2025,12.250165462493896,12.853515625,10933.957,4352.13,6188.819712072458,12422.06103515625,0.06660442848778153,74.67724609375,5.425697884908536,10.6376953125,2.5431315104166665e-06,5.086263020833333e-06,3.814697265625e-06,7.62939453125e-06,6.67572021484375e-06,1.1444091796875e-05,33421.294759114586,21025.382161458332,46920.857747395836,59306.255045572914,10.6376953125,10.6376953125,0.0040130615234375,0.0040130615234375,0.0005340576171875,0.0005340576171875,0.00093841552734375,0.00093841552734375
sim90_bs4_pb4_35ts_amp,ok,35,4,True,0.0,/home/gkulemeyer/Documents/Repos/RNADiffusion/profiler/logs/diffusion_profiler_light/sim90_bs4_pb4_35ts_amp/profiler_traces/pc59_3193258.1772558751504729528.pt.trace.json,479.48317432403564,935.746,462.769,465.5973333333333,6.331666666666667,329.4825,610.89175,11.900571823120117,13.0703125,16166.227,3987.687,4868.179916731241,9869.64990234375,0.035496825572411704,131.33740234375,8.198818862742778,14.907877604166666,2.5431315104166665e-06,5.086263020833333e-06,3.814697265625e-06,7.62939453125e-06,0.00014696121215820312,0.0001678466796875,33573.417317708336,23853.568196614582,45330.666341145836,55038.27587890625,14.909830729166666,7.505533854166667,0.0040130615234375,0.0040130615234375,0.0005340576171875,0.0005340576171875,0.001094818115234375,0.00093841552734375
sim90_bs4_pb4_40ts_fp32,ok,40,4,False,0.0,/home/gkulemeyer/Documents/Repos/RNADiffusion/profiler/logs/diffusion_profiler_light/sim90_bs4_pb4_40ts_fp32/profiler_traces/pc59_3193258.1772558857110006405.pt.trace.json,458.02367782592773,794.8733333333333,361.114,422.855,10.306,322.96725,631.66925,15.002745628356934,15.587890625,12156.755,5001.88,7243.224295124327,14557.294596354166,0.06077500874849551,76.201171875,5.422919048526423,10.640299479166666,2.5431315104166665e-06,5.086263020833333e-06,3.814697265625e-06,7.62939453125e-06,6.67572021484375e-06,1.1444091796875e-05,40547.024251302086,26054.130208333332,59370.654459635414,73853.00846354167,10.640299479166666,10.640299479166666,0.00458526611328125,0.00458526611328125,0.0006103515625,0.0006103515625,0.00093841552734375,0.00093841552734375
sim90_bs4_pb4_40ts_amp,ok,40,4,True,0.0,/home/gkulemeyer/Documents/Repos/RNADiffusion/profiler/logs/diffusion_profiler_light/sim90_bs4_pb4_40ts_amp/profiler_traces/pc59_3193258.1772558969975869494.pt.trace.json,543.2594909667969,897.742,393.537,496.2096666666667,6.875333333333333,368.82525,695.287,12.689189910888672,15.587890625,16327.056,4525.662,5737.204680671491,11619.874837239584,0.03134407169808958,124.77473958333333,7.82914387005394,14.361002604166666,2.5431315104166665e-06,5.086263020833333e-06,3.814697265625e-06,7.62939453125e-06,0.00014696121215820312,0.0001678466796875,40993.687662760414,29524.355794270832,53083.17919921875,64540.35009765625,14.362955729166666,7.183268229166667,0.00458526611328125,0.00458526611328125,0.0006103515625,0.0006103515625,0.001094818115234375,0.00093841552734375
sim90_bs4_pb4_45ts_fp32,ok,45,4,False,0.0,/home/gkulemeyer/Documents/Repos/RNADiffusion/profiler/logs/diffusion_profiler_light/sim90_bs4_pb4_45ts_fp32/profiler_traces/pc59_3193258.1772559086786877396.pt.trace.json,516.3761320114136,904.912,412.39233333333334,484.6516666666667,7.219333333333333,360.66775,709.1005,15.698389530181885,16.61328125,13756.222,5313.279,6801.724774049416,13713.918294270834,0.047321578188784706,67.70247395833333,5.571908346036584,10.896158854166666,2.5431315104166665e-06,5.086263020833333e-06,3.814697265625e-06,7.62939453125e-06,6.67572021484375e-06,1.1444091796875e-05,42777.314127604164,29163.734537760418,59617.450358072914,73220.4716796875,10.896158854166666,10.896158854166666,0.005157470703125,0.005157470703125,0.0006866455078125,0.0006866455078125,0.00093841552734375,0.00093841552734375
sim90_bs4_pb4_45ts_amp,ok,45,4,True,0.0,/home/gkulemeyer/Documents/Repos/RNADiffusion/profiler/logs/diffusion_profiler_light/sim90_bs4_pb4_45ts_amp/profiler_traces/pc59_3193258.1772559211075461353.pt.trace.json,609.9956378936768,1035.836,477.986,551.4306666666666,5.535333333333333,417.4605,753.20875,16.118614196777344,16.61328125,18400.336,5091.384,6524.393613233563,13199.51708984375,0.0274415348048665,130.1220703125,6.20971520118464,10.847493489583334,2.5431315104166665e-06,5.086263020833333e-06,3.814697265625e-06,7.62939453125e-06,0.0002872467041015625,0.000324249267578125,46569.090983072914,33520.376627604164,56282.387532552086,69319.10758463542,10.848958333333334,3.595703125,0.005157470703125,0.005157470703125,0.0006866455078125,0.0006866455078125,0.001251220703125,0.00093841552734375
sim90_bs4_pb4_50ts,unknown,50,4,False,0.0,/home/gkulemeyer/Documents/Repos/RNADiffusion/profiler/logs/diffusion_profiler_light/sim90_bs4_pb4_50ts/profiler_traces/pc59_3193258.1772552104514407737.pt.trace.json,653.701774597168,946.26,406.718,531.2525,6.62425,350.11275,684.49075,18.653799533843994,18.9765625,15970.934,6780.93,7936.820206161738,16028.6357421875,0.04481849018449691,77.5889892578125,9.379119873046875,16.8564453125,3.814697265625e-06,7.62939453125e-06,3.814697265625e-06,7.62939453125e-06,7.681846618652343e-05,8.96453857421875e-05,54421.77783203125,38531.989013671875,69298.02807617188,85176.46569824219,16.8564453125,11.31689453125,0.00572967529296875,0.00572967529296875,0.000762939453125,0.000762939453125,0.0010166168212890625,0.00093841552734375
sim90_bs4_pb4_50ts_fp32,ok,50,4,False,0.0,/home/gkulemeyer/Documents/Repos/RNADiffusion/profiler/logs/diffusion_profiler_light/sim90_bs4_pb4_50ts_fp32/profiler_traces/pc59_3193258.1772559924986045302.pt.trace.json,571.7798147201538,1126.232,498.77933333333334,617.8893333333334,8.893333333333334,387.792,733.35675,18.908836364746094,23.12890625,15804.057,6262.268,8934.20578122345,17938.161295572918,0.04871889429060011,74.72705078125,5.650577204014229,11.054361979166666,2.5431315104166665e-06,5.086263020833333e-06,3.814697265625e-06,7.62939453125e-06,6.67572021484375e-06,1.1444091796875e-05,49944.376790364586,32108.3310546875,75914.21484375,93739.15869140625,11.054361979166666,11.054361979166666,0.00572967529296875,0.00572967529296875,0.000762939453125,0.000762939453125,0.00093841552734375,0.00093841552734375
sim90_bs4_pb4_50ts_amp,ok,50,4,True,0.0,/home/gkulemeyer/Documents/Repos/RNADiffusion/profiler/logs/diffusion_profiler_light/sim90_bs4_pb4_50ts_amp/profiler_traces/pc59_3193258.1772560058799096076.pt.trace.json,681.6021385192871,1132.9793333333332,484.20366666666666,644.3113333333333,3.711,386.63275,742.30225,17.072994709014893,23.12890625,19383.881,5797.0,7933.124894531047,15944.723470052084,0.028341697080841107,160.54833984375,6.087235115400326,10.61767578125,2.5431315104166665e-06,5.086263020833333e-06,3.814697265625e-06,7.62939453125e-06,0.0002872467041015625,0.000324249267578125,52154.769694010414,36362.800618489586,74507.60367838542,90287.45865885417,10.619140625,3.4654947916666665,0.00572967529296875,0.00572967529296875,0.000762939453125,0.000762939453125,0.001251220703125,0.00093841552734375
sim90_bs4_pb4_52ts_fp32,ok,52,4,False,0.0,/home/gkulemeyer/Documents/Repos/RNADiffusion/profiler/logs/diffusion_profiler_light/sim90_bs4_pb4_52ts_fp32/profiler_traces/pc59_3193258.1772560198922912583.pt.trace.json,593.9915590286255,1051.2206666666668,480.79633333333334,563.0113333333334,6.771,413.59725,772.26525,18.209216117858887,23.12890625,15850.695,6487.369,9226.95188935465,18524.503092447918,0.0448350707244603,74.67724609375,5.422919048526423,10.640299479166666,2.5431315104166665e-06,5.086263020833333e-06,3.814697265625e-06,7.62939453125e-06,6.67572021484375e-06,1.1444091796875e-05,41208.444010416664,22710.08935546875,69730.044921875,88217.28531901042,10.640299479166666,10.640299479166666,0.00595855712890625,0.00595855712890625,0.00079345703125,0.00079345703125,0.00093841552734375,0.00093841552734375
sim90_bs4_pb4_52ts_amp,ok,52,4,True,0.0,/home/gkulemeyer/Documents/Repos/RNADiffusion/profiler/logs/diffusion_profiler_light/sim90_bs4_pb4_52ts_amp/profiler_traces/pc59_3193258.1772560346997832083.pt.trace.json,705.6232118606567,1198.991,527.8763333333334,664.9043333333334,4.828333333333333,451.85575,835.519,17.846845626831055,18.662109375,20683.86,6187.586,8593.712352108869,17337.8349609375,0.028400186422173068,161.95100911458334,6.198406224468954,10.770182291666666,2.5431315104166665e-06,5.086263020833333e-06,3.814697265625e-06,7.62939453125e-06,0.0002872467041015625,0.000324249267578125,53947.8798828125,36764.093587239586,81953.82535807292,99125.51350911458,10.771647135416666,3.4654947916666665,0.00595855712890625,0.00595855712890625,0.00079345703125,0.00079345703125,0.001251220703125,0.00093841552734375
sim90_bs4_pb4_54ts_fp32,ok,54,4,False,0.0,/home/gkulemeyer/Documents/Repos/RNADiffusion/profiler/logs/diffusion_profiler_light/sim90_bs4_pb4_54ts_fp32/profiler_traces/pc59_3193258.1772560497539194624.pt.trace.json,617.0810527801514,1114.1146666666668,503.1023333333333,602.361,8.088333333333333,451.98625,902.08375,20.503857135772705,21.5625,17503.582,6814.356,9876.223432060877,19766.13427734375,0.04494396262072306,76.201171875,5.330899866615853,10.4814453125,2.5431315104166665e-06,5.086263020833333e-06,3.814697265625e-06,7.62939453125e-06,6.67572021484375e-06,1.1444091796875e-05,49049.986002604164,29348.252278645832,80401.40511067708,100091.94059244792,10.4814453125,10.4814453125,0.00618743896484375,0.00618743896484375,0.000823974609375,0.000823974609375,0.00093841552734375,0.00093841552734375
sim90_bs4_pb4_54ts_amp,ok,54,4,True,0.0,/home/gkulemeyer/Documents/Repos/RNADiffusion/profiler/logs/diffusion_profiler_light/sim90_bs4_pb4_54ts_amp/profiler_traces/pc59_3193258.1772560650795378314.pt.trace.json,732.2541770935059,1229.64,548.371,674.655,4.936,486.98625,874.84875,17.195950508117676,21.587890625,21580.551,6049.071,7792.399938625759,15788.234049479166,0.02323334877724123,123.79736328125,6.102304815155229,10.759602864583334,2.5431315104166665e-06,5.086263020833333e-06,3.814697265625e-06,7.62939453125e-06,0.0002872467041015625,0.000324249267578125,55677.578287760414,40040.156087239586,71969.53971354167,87595.23811848958,10.761067708333334,3.6569010416666665,0.00618743896484375,0.00618743896484375,0.000823974609375,0.000823974609375,0.001251220703125,0.00093841552734375
sim90_bs4_pb4_56ts_fp32,ok,56,4,False,0.0,/home/gkulemeyer/Documents/Repos/RNADiffusion/profiler/logs/diffusion_profiler_light/sim90_bs4_pb4_56ts_fp32/profiler_traces/pc59_3193258.1772560800473150106.pt.trace.json,640.9592514038086,1182.0946666666669,569.6856666666666,602.4173333333333,9.388333333333334,472.518,933.96975,21.24388027191162,22.33984375,18273.519,6863.803,9238.864521912512,18538.840657552082,0.04041123078972982,77.51871744791667,5.343595179115854,10.537434895833334,2.5431315104166665e-06,5.086263020833333e-06,3.814697265625e-06,7.62939453125e-06,6.67572021484375e-06,1.1444091796875e-05,58083.46533203125,39645.7734375,78963.23714192708,97389.0732421875,10.537434895833334,10.537434895833334,0.00641632080078125,0.00641632080078125,0.0008544921875,0.0008544921875,0.00093841552734375,0.00093841552734375
sim90_bs4_pb4_56ts_amp,ok,56,4,True,0.0,/home/gkulemeyer/Documents/Repos/RNADiffusion/profiler/logs/diffusion_profiler_light/sim90_bs4_pb4_56ts_amp/profiler_traces/pc59_3193258.1772560960118236501.pt.trace.json,759.4725294113159,1320.215,592.1796666666667,720.837,6.228,504.994,888.53525,19.188340663909912,22.33984375,22643.245,6658.441,9271.600999684959,18655.0439453125,0.026182661875074776,161.81363932291666,6.350044838899101,10.97705078125,2.5431315104166665e-06,5.086263020833333e-06,3.814697265625e-06,7.62939453125e-06,0.0002872467041015625,0.000324249267578125,58075.5771484375,39574.253743489586,88033.37972005208,106522.57405598958,10.978515625,3.4654947916666665,0.00641632080078125,0.00641632080078125,0.0008544921875,0.0008544921875,0.001251220703125,0.00093841552734375
sim90_bs4_pb4_58ts_fp32,ok,58,4,False,0.0,/home/gkulemeyer/Documents/Repos/RNADiffusion/profiler/logs/diffusion_profiler_light/sim90_bs4_pb4_58ts_fp32/profiler_traces/pc59_3193258.1772561122365379248.pt.trace.json,662.5017013549805,1286.4236666666668,579.3623333333334,697.5313333333334,8.942333333333334,514.43775,907.2735,20.25852394104004,22.33984375,19401.019,7362.06,10273.55990899548,20623.1123046875,0.04019810953857796,74.67724609375,5.330899866615853,10.4814453125,2.5431315104166665e-06,5.086263020833333e-06,3.814697265625e-06,7.62939453125e-06,6.67572021484375e-06,1.1444091796875e-05,45926.845703125,25329.8818359375,77832.8466796875,98418.3134765625,10.4814453125,10.4814453125,0.00664520263671875,0.00664520263671875,0.000885009765625,0.000885009765625,0.00093841552734375,0.00093841552734375
sim90_bs4_pb4_58ts_amp,ok,58,4,True,0.0,/home/gkulemeyer/Documents/Repos/RNADiffusion/profiler/logs/diffusion_profiler_light/sim90_bs4_pb4_58ts_amp/profiler_traces/pc59_3193258.1772561293583432181.pt.trace.json,787.3619108200073,1418.131,636.647,771.7073333333334,8.552,524.5575,919.0145,19.870347023010254,22.33984375,24363.51,7399.745,10159.92185111208,20267.963053385418,0.0260556879147381,163.27294921875,7.795454726782996,14.314127604166666,2.5431315104166665e-06,5.086263020833333e-06,3.814697265625e-06,7.62939453125e-06,0.00014696121215820312,0.0001678466796875,56353.689778645836,36240.700032552086,89114.1298828125,109214.75895182292,14.316080729166666,7.1806640625,0.00664520263671875,0.00664520263671875,0.000885009765625,0.000885009765625,0.001094818115234375,0.00093841552734375
sim90_bs4_pb4_60ts_fp32,ok,60,4,False,2.0,/home/gkulemeyer/Documents/Repos/RNADiffusion/profiler/logs/diffusion_profiler_light/sim90_bs4_pb4_60ts_fp32/profiler_traces/pc59_3193258.1772561467317013388.pt.trace.json,686.2711143493652,1537.552,774.9076666666666,753.4373333333334,8.586,580.955,984.614,22.658946990966797,23.109375,23101.64,7826.392,10736.039235595927,21478.119140625,0.04101007702583094,75.16715494791667,5.4897302146849585,10.730143229166666,2.5431315104166665e-06,5.086263020833333e-06,3.814697265625e-06,7.62939453125e-06,6.67572021484375e-06,1.1444091796875e-05,59919.35986328125,38505.817220052086,91136.51595052083,112538.85139973958,10.730143229166666,10.730143229166666,0.00687408447265625,0.00687408447265625,0.00091552734375,0.00091552734375,0.00093841552734375,0.00093841552734375
sim90_bs4_pb4_60ts_amp,ok,60,4,True,0.0,/home/gkulemeyer/Documents/Repos/RNADiffusion/profiler/logs/diffusion_profiler_light/sim90_bs4_pb4_60ts_amp/profiler_traces/pc59_3193258.1772561663098137311.pt.trace.json,812.741828918457,1862.344,682.596,1171.5553333333332,6.592666666666667,629.32625,1110.278,17.704875469207764,21.5703125,31361.371,6829.58,7024.044285389656,14201.758463541666,0.016975706456469657,95.904296875,6.008857358047385,10.64892578125,2.5431315104166665e-06,5.086263020833333e-06,3.814697265625e-06,7.62939453125e-06,0.0002872467041015625,0.000324249267578125,51156.683430989586,37101.779134114586,60789.682779947914,74833.19091796875,10.650390625,3.673828125,0.00687408447265625,0.00687408447265625,0.00091552734375,0.00091552734375,0.001251220703125,0.00093841552734375
sim90_bs4_pb4_62ts_fp32,oom,62,4,False,3.0,/home/gkulemeyer/Documents/Repos/RNADiffusion/profiler/logs/diffusion_profiler_light/sim90_bs4_pb4_62ts_fp32/profiler_traces/pc59_3193258.1772561743247494880.pt.trace.json,33.504178047180176,834.157,833.246,0.0,0.0,0.0,0.0,22.571765422821045,23.126953125,1741.998,431.91,11657.714886745995,23040.54443359375,,,,,0.0,0.0,,,,,60698.66357421875,37658.68115234375,,,,,0.00682830810546875,0.00682830810546875,,,,
sim90_bs4_pb4_62ts_amp,ok,62,4,True,0.0,/home/gkulemeyer/Documents/Repos/RNADiffusion/profiler/logs/diffusion_profiler_light/sim90_bs4_pb4_62ts_amp/profiler_traces/pc59_3193258.1772561870353312579.pt.trace.json,840.1868658065796,1685.3183333333332,834.6533333333334,839.073,10.194333333333335,696.7615,1078.4615,21.342730045318604,22.09375,30005.125,7210.81,7476.253945368622,15003.783528645834,0.01672131312413819,98.50602213541667,6.119917407066993,10.769368489583334,2.5431315104166665e-06,5.086263020833333e-06,3.814697265625e-06,7.62939453125e-06,0.0002872467041015625,0.000324249267578125,55679.73828125,40822.641764322914,63270.998697916664,78116.1494140625,10.770833333333334,3.673828125,0.00710296630859375,0.00710296630859375,0.000946044921875,0.000946044921875,0.001251220703125,0.00093841552734375
sim90_bs4_pb4_64ts_fp32,ok,64,4,False,0.0,/home/gkulemeyer/Documents/Repos/RNADiffusion/profiler/logs/diffusion_profiler_light/sim90_bs4_pb4_64ts_fp32/profiler_traces/pc59_3193258.1772562058332052128.pt.trace.json,732.5218896865845,1360.5393333333332,595.3663333333334,754.2086666666667,10.332,556.0785,1051.9505,22.34773349761963,23.1328125,21229.517,8021.321,10921.016608106596,21935.361002604168,0.034980937793478994,71.77913411458333,5.634178099593496,11.064127604166666,2.5431315104166665e-06,5.086263020833333e-06,3.814697265625e-06,7.62939453125e-06,6.67572021484375e-06,1.1444091796875e-05,60589.073404947914,38717.32080078125,84647.30338541667,106507.8779296875,11.064127604166666,11.064127604166666,0.00733184814453125,0.00733184814453125,0.0009765625,0.0009765625,0.00093841552734375,0.00093841552734375
sim90_bs4_pb4_64ts_amp,ok,64,4,True,0.0,/home/gkulemeyer/Documents/Repos/RNADiffusion/profiler/logs/diffusion_profiler_light/sim90_bs4_pb4_64ts_amp/profiler_traces/pc59_3193258.1772562254561457896.pt.trace.json,867.6923894882202,1642.1606666666667,797.3913333333334,837.1986666666667,6.595666666666667,705.48275,1062.3605,22.831581115722656,23.060546875,29181.144,7865.071,11058.07327602984,22189.295247395832,0.023154280623286994,163.10628255208334,6.211891403696895,11.00732421875,2.5431315104166665e-06,5.086263020833333e-06,3.814697265625e-06,7.62939453125e-06,0.0002872467041015625,0.000324249267578125,68653.87434895833,46619.449544270836,97933.92203776042,119955.73942057292,11.0087890625,3.7955729166666665,0.00733184814453125,0.00733184814453125,0.0009765625,0.0009765625,0.001251220703125,0.00093841552734375
sim90_bs4_pb4_66ts_fp32,oom,66,4,False,,,,,,,,,,,,,,,,,,,,,,,,,,,,,,,,,,,,,
sim90_bs4_pb4_66ts_amp,ok,66,4,True,0.0,/home/gkulemeyer/Documents/Repos/RNADiffusion/profiler/logs/diffusion_profiler_light/sim90_bs4_pb4_66ts_amp/profiler_traces/pc59_3193258.1772562472511599142.pt.trace.json,896.6170778274536,1809.8456666666668,945.5993333333333,856.8746666666666,6.453666666666667,630.112,1111.02775,20.914335250854492,23.1328125,30320.882,7794.732,8639.605733909508,17417.878580729168,0.018079085596256064,135.044921875,6.361329401552287,10.97705078125,2.5431315104166665e-06,5.086263020833333e-06,3.814697265625e-06,7.62939453125e-06,0.0002872467041015625,0.000324249267578125,63557.525065104164,46288.378743489586,85373.20703125,102630.53597005208,10.978515625,3.4654947916666665,0.00756072998046875,0.00756072998046875,0.001007080078125,0.001007080078125,0.001251220703125,0.00093841552734375
sim90_bs4_pb4_68ts_fp32,oom,68,4,False,3.0,/home/gkulemeyer/Documents/Repos/RNADiffusion/profiler/logs/diffusion_profiler_light/sim90_bs4_pb4_68ts_fp32/profiler_traces/pc59_3193258.1772562577616140690.pt.trace.json,34.224653244018555,877.585,876.97,0.0,0.0,0.0,0.0,22.92442750930786,23.12109375,2105.447,455.641,11811.831849868253,23401.32275390625,,,,,0.0,0.0,,,,,54155.44873046875,30769.1435546875,,,,,0.0069427490234375,0.0069427490234375,,,,
sim90_bs4_pb4_68ts_amp,oom,68,4,True,,,,,,,,,,,,,,,,,,,,,,,,,,,,,,,,,,,,,
sim90_bs4_pb4_75ts,unknown,75,4,False,4.0,/home/gkulemeyer/Documents/Repos/RNADiffusion/profiler/logs/diffusion_profiler_light/sim90_bs4_pb4_75ts/profiler_traces/pc59_3193258.1772552445976460028.pt.trace.json,159.75377750396729,1082.3,650.1735,849.803,11.598,0.0,0.0,22.860162258148193,23.123046875,4855.408,1515.531,11188.167588080094,22502.778076171875,0.028790117920563605,70.2822265625,18.354929854230182,31.1904296875,3.814697265625e-06,7.62939453125e-06,3.814697265625e-06,7.62939453125e-06,0.0002872467041015625,0.000324249267578125,71478.66625976562,49051.81396484375,110232.03515625,131732.2021484375,31.1904296875,10.3876953125,0.008052825927734375,0.008052825927734375,0.0011444091796875,0.0011444091796875,0.001251220703125,0.00093841552734375
sim90_bs4_pb4_75ts_fp32,oom,75,4,False,,,,,,,,,,,,,,,,,,,,,,,,,,,,,,,,,,,,,
sim90_bs4_pb4_75ts_amp,oom,75,4,True,36.0,/home/gkulemeyer/Documents/Repos/RNADiffusion/profiler/logs/diffusion_profiler_light/sim90_bs4_pb4_75ts_amp/profiler_traces/pc59_3193258.1772559549323446306.pt.trace.json,48.043203353881836,1326.889,1325.299,0.0,0.0,0.0,0.0,22.904239654541016,23.12890625,4810.561,524.708,11677.247056607612,23401.9541015625,,,,,0.0,0.0,,,,,67364.03125,43977.13818359375,,,,,0.00774383544921875,0.00774383544921875,,,,
