run_name,status,timesteps,batch_size,grad_accum_steps,use_amp,oom_events,trace_path,trace_size_mb,train_batch_ms,train_forward_ms,train_backward_ms,train_step_ms,eval_no_f1_ms,eval_with_f1_ms,max_alloc_gb_trace,max_reserved_gb_trace,cpu_op_ms_trace,gpu_total_ms_trace,train_forward_alloc_delta_avg_mb_gpu,train_forward_alloc_delta_peak_mb_gpu,train_backward_alloc_delta_avg_mb_gpu,train_backward_alloc_delta_peak_mb_gpu,train_step_alloc_delta_avg_mb_gpu,train_step_alloc_delta_peak_mb_gpu,train_forward_alloc_delta_avg_mb_cpu,train_forward_alloc_delta_peak_mb_cpu,train_backward_alloc_delta_avg_mb_cpu,train_backward_alloc_delta_peak_mb_cpu,train_step_alloc_delta_avg_mb_cpu,train_step_alloc_delta_peak_mb_cpu,train_forward_alloc_traffic_mb_gpu,train_forward_free_traffic_mb_gpu,train_backward_alloc_traffic_mb_gpu,train_backward_free_traffic_mb_gpu,train_step_alloc_traffic_mb_gpu,train_step_free_traffic_mb_gpu,train_forward_alloc_traffic_mb_cpu,train_forward_free_traffic_mb_cpu,train_backward_alloc_traffic_mb_cpu,train_backward_free_traffic_mb_cpu,train_step_alloc_traffic_mb_cpu,train_step_free_traffic_mb_cpu
batch_ga_sweep_sim90_bs1_ga1_pb4_10ts_fp32,ok,10,1,1,False,0.0,/home/gkulemeyer/Documents/Repos/RNADiffusion/profiler/logs/diffusion_profiler_light_batch/batch_ga_sweep_sim90_bs1_ga1_pb4_10ts_fp32/profiler_traces/pc59_4122452.1772583013694221084.pt.trace.json,126.94334983825684,304.657,130.517,170.989,2.5133333333333336,102.84275,163.819,1.0471901893615723,1.333984375,4554.415,654.895,316.77221090932284,750.4251302083334,0.24752494316954451,135.14729817708334,5.41528121824187,10.642903645833334,2.5515246837183715e-06,5.086263020833333e-06,0.0,0.0,6.67572021484375e-06,1.1444091796875e-05,4490.392903645833,3854.9534505208335,11105.35986328125,11729.752766927084,10.642903645833334,10.642903645833334,0.00115966796875,0.00115203857421875,0.000152587890625,0.00016021728515625,0.00093841552734375,0.00093841552734375
batch_ga_sweep_sim90_bs1_ga2_pb4_10ts_fp32,ok,10,1,2,False,0.0,/home/gkulemeyer/Documents/Repos/RNADiffusion/profiler/logs/diffusion_profiler_light_batch/batch_ga_sweep_sim90_bs1_ga2_pb4_10ts_fp32/profiler_traces/pc59_4122452.1772583074168792979.pt.trace.json,119.31190586090088,233.342,105.05033333333333,123.20766666666667,6.959,74.26975,142.432,1.0472683906555176,1.384765625,3274.168,519.821,285.0379216683981,653.3160807291666,0.2544908858912585,134.44807942708334,11.805424387862043,20.775390625,2.5515246837183715e-06,5.086263020833333e-06,0.0,0.0,0.00014696121215820312,0.0001678466796875,3532.5045572916665,2960.2858072916665,10516.22607421875,11084.72705078125,20.775390625,10.3876953125,0.00115966796875,0.00115203857421875,0.000152587890625,0.00016021728515625,0.001094818115234375,0.00093841552734375
batch_ga_sweep_sim90_bs1_ga8_pb4_10ts_fp32,ok,10,1,8,False,0.0,/home/gkulemeyer/Documents/Repos/RNADiffusion/profiler/logs/diffusion_profiler_light_batch/batch_ga_sweep_sim90_bs1_ga8_pb4_10ts_fp32/profiler_traces/pc59_4122452.1772583133631433594.pt.trace.json,121.37913799285889,300.35966666666667,141.82666666666665,158.36866666666666,11.389,75.645,141.34475,1.0378732681274414,1.384765625,4073.759,538.451,286.70425289182464,703.9508463541666,0.5536556784007293,135.89876302083334,18.334255311547256,31.1630859375,2.5515246837183715e-06,5.086263020833333e-06,0.0,0.0,0.0002872467041015625,0.000324249267578125,5625.531575520833,5051.537109375,9632.36083984375,10206.355305989584,31.1630859375,10.3876953125,0.00115966796875,0.00115203857421875,0.000152587890625,0.00016021728515625,0.001251220703125,0.00093841552734375
batch_ga_sweep_sim90_bs4_ga1_pb4_10ts_fp32,ok,10,4,1,False,0.0,/home/gkulemeyer/Documents/Repos/RNADiffusion/profiler/logs/diffusion_profiler_light_batch/batch_ga_sweep_sim90_bs4_ga1_pb4_10ts_fp32/profiler_traces/pc59_4122452.1772583192603064322.pt.trace.json,119.97722339630127,245.755,110.51733333333333,130.955,3.803,107.50175,163.534,3.646644115447998,4.02734375,4053.043,1225.764,1488.4732157444034,3132.4241536458335,0.20794304971853794,71.19547526041667,5.330899866615853,10.4814453125,2.5515246837183715e-06,5.086263020833333e-06,0.0,0.0,6.67572021484375e-06,1.1444091796875e-05,8968.187337239584,5973.987141927083,12113.35595703125,15095.80126953125,10.4814453125,10.4814453125,0.00115966796875,0.00115203857421875,0.000152587890625,0.00016021728515625,0.00093841552734375,0.00093841552734375
batch_ga_sweep_sim90_bs4_ga2_pb4_10ts_fp32,ok,10,4,2,False,0.0,/home/gkulemeyer/Documents/Repos/RNADiffusion/profiler/logs/diffusion_profiler_light_batch/batch_ga_sweep_sim90_bs4_ga2_pb4_10ts_fp32/profiler_traces/pc59_4122452.1772583253796830282.pt.trace.json,118.97644233703613,306.1806666666667,156.19566666666665,143.56633333333335,8.723,81.5825,164.86425,3.8784470558166504,4.279296875,4177.189,1282.507,1798.8392740198906,3758.8037109375,0.24230570509129667,76.20166015625,12.124474502191312,21.509765625,2.5515246837183715e-06,5.086263020833333e-06,0.0,0.0,0.00014696121215820312,0.0001678466796875,10984.4140625,7365.96923828125,14841.73876953125,18456.5732421875,21.509765625,11.1220703125,0.00115966796875,0.00115203857421875,0.000152587890625,0.00016021728515625,0.001094818115234375,0.00093841552734375
batch_ga_sweep_sim90_bs4_ga8_pb4_10ts_fp32,ok,10,4,8,False,0.0,/home/gkulemeyer/Documents/Repos/RNADiffusion/profiler/logs/diffusion_profiler_light_batch/batch_ga_sweep_sim90_bs4_ga8_pb4_10ts_fp32/profiler_traces/pc59_4122452.1772583313585829415.pt.trace.json,115.10877418518066,226.64133333333334,107.15733333333333,119.037,12.209,79.214,162.80625,3.871814250946045,4.279296875,3284.59,1277.937,1879.0641627041143,3921.1442057291665,0.2609908782558051,79.24951171875,19.238552186547256,32.7314453125,2.5515246837183715e-06,5.086263020833333e-06,0.0,0.0,0.0002872467041015625,0.000324249267578125,11314.37939453125,7534.139973958333,17735.4677734375,21515.707194010418,32.7314453125,11.1220703125,0.00115966796875,0.00115203857421875,0.000152587890625,0.00016021728515625,0.001251220703125,0.00093841552734375
batch_ga_sweep_sim90_bs1_ga1_pb4_10ts_amp,ok,10,1,1,True,0.0,/home/gkulemeyer/Documents/Repos/RNADiffusion/profiler/logs/diffusion_profiler_light_batch/batch_ga_sweep_sim90_bs1_ga1_pb4_10ts_amp/profiler_traces/pc59_4122452.1772583044485089382.pt.trace.json,150.9293966293335,402.21233333333333,177.473,221.107,3.2263333333333333,149.718,147.57475,1.0173282623291016,1.36328125,7216.912,659.405,316.2886127089877,760.9671223958334,0.11389380498008662,123.4228515625,5.272573760061554,11.007975260416666,2.5515246837183715e-06,5.086263020833333e-06,0.0,0.0,6.67572021484375e-06,1.1444091796875e-05,5548.787760416667,4920.749837239583,6376.86083984375,6994.212890625,11.010416666666666,11.010416666666666,0.00115966796875,0.00115203857421875,0.000152587890625,0.00016021728515625,0.00093841552734375,0.00093841552734375
batch_ga_sweep_sim90_bs1_ga2_pb4_10ts_amp,ok,10,1,2,True,0.0,/home/gkulemeyer/Documents/Repos/RNADiffusion/profiler/logs/diffusion_profiler_light_batch/batch_ga_sweep_sim90_bs1_ga2_pb4_10ts_amp/profiler_traces/pc59_4122452.1772583104227046469.pt.trace.json,148.61790084838867,420.7393333333333,200.912,215.36833333333334,6.039,87.67025,160.16775,0.8160247802734375,1.384765625,6335.443,599.231,261.7002376040735,650.4640299479166,0.1761347191200849,133.2412109375,11.710110261478526,21.39794921875,2.5515246837183715e-06,5.086263020833333e-06,0.0,0.0,0.00014696121215820312,0.0001678466796875,4834.900227864583,4317.75048828125,8106.294108072917,8619.881673177084,21.400390625,10.798828125,0.00115966796875,0.00115203857421875,0.000152587890625,0.00016021728515625,0.001094818115234375,0.00093841552734375
batch_ga_sweep_sim90_bs1_ga8_pb4_10ts_amp,ok,10,1,8,True,0.0,/home/gkulemeyer/Documents/Repos/RNADiffusion/profiler/logs/diffusion_profiler_light_batch/batch_ga_sweep_sim90_bs1_ga8_pb4_10ts_amp/profiler_traces/pc59_4122452.1772583163095059566.pt.trace.json,140.5306158065796,241.76733333333334,94.895,146.67133333333334,10.51,91.433,156.1265,0.673795223236084,1.384765625,4146.944,522.099,203.24754090210118,533.8326822916666,0.150757836478784,131.11295572916666,18.19167049632353,31.74951171875,2.5515246837183715e-06,5.086263020833333e-06,0.0,0.0,0.0002872467041015625,0.000324249267578125,5414.271484375,5013.139322916667,6479.643391927083,6880.775553385417,31.751953125,10.390625,0.00115966796875,0.00115203857421875,0.000152587890625,0.00016021728515625,0.001251220703125,0.00093841552734375
batch_ga_sweep_sim90_bs4_ga1_pb4_10ts_amp,ok,10,4,1,True,0.0,/home/gkulemeyer/Documents/Repos/RNADiffusion/profiler/logs/diffusion_profiler_light_batch/batch_ga_sweep_sim90_bs4_ga1_pb4_10ts_amp/profiler_traces/pc59_4122452.1772583224387406729.pt.trace.json,146.54052543640137,391.3833333333333,187.46533333333335,197.636,5.824333333333333,94.6855,188.025,3.540106773376465,4.02734375,6173.298,1248.57,1664.317836365715,3490.13623046875,0.14676624162251858,161.97102864583334,9.86315925584545,18.585774739583332,2.5515246837183715e-06,5.086263020833333e-06,0.0,0.0,0.00010019938151041666,0.00011571248372395833,10124.56103515625,6788.74267578125,15394.4931640625,18718.732584635418,18.588216145833332,11.2431640625,0.00115966796875,0.00115203857421875,0.000152587890625,0.00016021728515625,0.0010426839192708333,0.00093841552734375
batch_ga_sweep_sim90_bs4_ga2_pb4_10ts_amp,ok,10,4,2,True,0.0,/home/gkulemeyer/Documents/Repos/RNADiffusion/profiler/logs/diffusion_profiler_light_batch/batch_ga_sweep_sim90_bs4_ga2_pb4_10ts_amp/profiler_traces/pc59_4122452.1772583284403824113.pt.trace.json,146.11633491516113,385.4703333333333,201.342,178.63966666666667,7.634,96.36625,191.61725,3.1264467239379883,4.279296875,6257.444,1169.748,1359.166630702715,2872.37060546875,0.11995071820637208,132.93717447916666,12.045414252459684,22.335205078125,2.5515246837183715e-06,5.086263020833333e-06,0.0,0.0,0.00014696121215820312,0.0001678466796875,9439.860514322916,6716.9677734375,12426.69189453125,15145.827799479166,22.337646484375,11.637451171875,0.00115966796875,0.00115203857421875,0.000152587890625,0.00016021728515625,0.001094818115234375,0.00093841552734375
batch_ga_sweep_sim90_bs4_ga8_pb4_10ts_amp,ok,10,4,8,True,0.0,/home/gkulemeyer/Documents/Repos/RNADiffusion/profiler/logs/diffusion_profiler_light_batch/batch_ga_sweep_sim90_bs4_ga8_pb4_10ts_amp/profiler_traces/pc59_4122452.1772583343258271540.pt.trace.json,138.26689434051514,253.13366666666667,120.689,132.201,11.777,106.231,186.11875,3.529343605041504,4.279296875,4592.163,1173.749,1557.1742200755823,3273.49267578125,0.1339491562989518,159.82958984375,18.145665785845587,31.87939453125,2.5515246837183715e-06,5.086263020833333e-06,0.0,0.0,0.0002872467041015625,0.000324249267578125,9162.652669270834,6041.744791666667,13617.793294270834,16738.701171875,31.8818359375,10.7275390625,0.00115966796875,0.00115203857421875,0.000152587890625,0.00016021728515625,0.001251220703125,0.00093841552734375
batch_ga_sweep_sim90_bs1_ga1_pb4_25ts_fp32,ok,25,1,1,False,0.0,/home/gkulemeyer/Documents/Repos/RNADiffusion/profiler/logs/diffusion_profiler_light_batch/batch_ga_sweep_sim90_bs1_ga1_pb4_25ts_fp32/profiler_traces/pc59_4122452.1772583392530532996.pt.trace.json,288.5781011581421,521.7226666666667,240.56366666666665,275.062,5.483333333333333,184.84025,362.9205,2.340869426727295,4.41796875,7607.799,1248.362,664.4002188474769,1445.1748046875,0.10634057458753826,133.99934895833334,5.6208674733231705,10.9580078125,2.546508843099823e-06,5.086263020833333e-06,0.0,0.0,6.67572021484375e-06,1.1444091796875e-05,9655.63623046875,8326.638509114584,25006.603678385418,26324.578287760418,10.9580078125,10.9580078125,0.00287628173828125,0.00286865234375,0.0003814697265625,0.00038909912109375,0.00093841552734375,0.00093841552734375
batch_ga_sweep_sim90_bs1_ga2_pb4_25ts_fp32,ok,25,1,2,False,0.0,/home/gkulemeyer/Documents/Repos/RNADiffusion/profiler/logs/diffusion_profiler_light_batch/batch_ga_sweep_sim90_bs1_ga2_pb4_25ts_fp32/profiler_traces/pc59_4122452.1772583523913886615.pt.trace.json,292.4462194442749,506.14733333333334,215.04266666666666,286.62666666666667,5.9625,168.939,334.74475,1.6711664199829102,4.515625,7479.822,1171.489,552.3236916962477,1178.9934895833333,0.11014978982811637,132.9970703125,12.0636298947218,21.203125,2.546508843099823e-06,5.086263020833333e-06,0.0,0.0,0.00014696121215820312,0.0001678466796875,4997.662109375,3892.6845703125,24393.88037109375,25495.205240885418,21.203125,10.8154296875,0.00287628173828125,0.00286865234375,0.0003814697265625,0.00038909912109375,0.001094818115234375,0.00093841552734375
batch_ga_sweep_sim90_bs1_ga8_pb4_25ts_fp32,ok,25,1,8,False,0.0,/home/gkulemeyer/Documents/Repos/RNADiffusion/profiler/logs/diffusion_profiler_light_batch/batch_ga_sweep_sim90_bs1_ga8_pb4_25ts_fp32/profiler_traces/pc59_4122452.1772583660269436087.pt.trace.json,289.4933547973633,472.7416666666667,201.58233333333334,270.9616666666667,11.135,171.87675,338.0285,2.488680362701416,4.515625,7184.719,1225.212,911.5418009247551,1947.5638020833333,0.09245157532936821,136.18440755208334,18.346640982278963,31.1943359375,2.546508843099823e-06,5.086263020833333e-06,0.0,0.0,0.0002872467041015625,0.000324249267578125,13790.66796875,11966.771158854166,27386.41357421875,29210.310384114582,31.1943359375,10.4111328125,0.00287628173828125,0.00286865234375,0.0003814697265625,0.00038909912109375,0.001251220703125,0.00093841552734375
batch_ga_sweep_sim90_bs4_ga1_pb4_25ts_fp32,ok,25,4,1,False,0.0,/home/gkulemeyer/Documents/Repos/RNADiffusion/profiler/logs/diffusion_profiler_light_batch/batch_ga_sweep_sim90_bs4_ga1_pb4_25ts_fp32/profiler_traces/pc59_4122452.1772583798804913983.pt.trace.json,294.0889940261841,632.599,283.307,343.745,5.020666666666667,184.24725,387.77075,9.418248176574707,10.107421875,9266.689,2870.811,3386.549282856308,6926.124348958333,0.0789504256783125,70.33512369791667,5.461584571900406,10.7783203125,2.546508843099823e-06,5.086263020833333e-06,0.0,0.0,6.67572021484375e-06,1.1444091796875e-05,27711.65966796875,20922.783365885418,30863.698079427082,37641.43359375,10.7783203125,10.7783203125,0.00287628173828125,0.00286865234375,0.0003814697265625,0.00038909912109375,0.00093841552734375,0.00093841552734375
batch_ga_sweep_sim90_bs4_ga2_pb4_25ts_fp32,ok,25,4,2,False,0.0,/home/gkulemeyer/Documents/Repos/RNADiffusion/profiler/logs/diffusion_profiler_light_batch/batch_ga_sweep_sim90_bs4_ga2_pb4_25ts_fp32/profiler_traces/pc59_4122452.1772583938342545680.pt.trace.json,290.7760372161865,577.1513333333334,249.48966666666666,322.338,7.247,191.699,378.33475,9.404321670532227,10.107421875,8725.057,2995.991,4066.0513730685016,8288.69970703125,0.09046898264088495,77.55501302083333,11.97330977277058,21.189453125,2.546508843099823e-06,5.086263020833333e-06,0.0,0.0,0.00014696121215820312,0.0001678466796875,28225.60791015625,20076.0361328125,35090.987467447914,43236.753743489586,21.189453125,10.7998046875,0.00287628173828125,0.00286865234375,0.0003814697265625,0.00038909912109375,0.001094818115234375,0.00093841552734375
batch_ga_sweep_sim90_bs4_ga8_pb4_25ts_fp32,ok,25,4,8,False,0.0,/home/gkulemeyer/Documents/Repos/RNADiffusion/profiler/logs/diffusion_profiler_light_batch/batch_ga_sweep_sim90_bs4_ga8_pb4_25ts_fp32/profiler_traces/pc59_4122452.1772584075870918121.pt.trace.json,290.46437644958496,612.4826666666667,272.601,339.556,13.099,185.46425,372.632,9.991802215576172,10.658203125,8961.156,3012.085,4164.725792335398,8487.23681640625,0.09023176356999978,79.12906901041667,18.334255311547256,31.1630859375,2.546508843099823e-06,5.086263020833333e-06,0.0,0.0,0.0002872467041015625,0.000324249267578125,29630.164713541668,21282.337890625,32333.686686197918,40681.513509114586,31.1630859375,10.3876953125,0.00287628173828125,0.00286865234375,0.0003814697265625,0.00038909912109375,0.001251220703125,0.00093841552734375
batch_ga_sweep_sim90_bs1_ga1_pb4_25ts_amp,ok,25,1,1,True,0.0,/home/gkulemeyer/Documents/Repos/RNADiffusion/profiler/logs/diffusion_profiler_light_batch/batch_ga_sweep_sim90_bs1_ga1_pb4_25ts_amp/profiler_traces/pc59_4122452.1772583459302906778.pt.trace.json,341.0842056274414,541.3903333333334,231.13733333333334,302.038,7.664666666666667,225.562,393.56025,2.266127109527588,4.515625,9936.577,1336.128,798.752886029636,1726.0037434895833,0.04473486268800813,124.49641927083333,9.980055538728276,18.49169921875,2.546508843099823e-06,5.086263020833333e-06,0.0,0.0,0.00010019938151041666,0.00011571248372395833,16073.386881510416,14481.957682291666,15930.01708984375,17509.985026041668,18.494140625,10.891927083333334,0.00287628173828125,0.00286865234375,0.0003814697265625,0.00038909912109375,0.0010426839192708333,0.00093841552734375
batch_ga_sweep_sim90_bs1_ga2_pb4_25ts_amp,ok,25,1,2,True,0.0,/home/gkulemeyer/Documents/Repos/RNADiffusion/profiler/logs/diffusion_profiler_light_batch/batch_ga_sweep_sim90_bs1_ga2_pb4_25ts_amp/profiler_traces/pc59_4122452.1772583592278107772.pt.trace.json,348.2031774520874,686.3596666666666,326.121,354.3393333333333,8.1275,252.1385,371.92075,2.3944311141967773,4.515625,12052.601,1365.333,861.9273937474076,1853.47265625,0.03979407696016998,119.12483723958333,11.652712800541027,21.36181640625,2.546508843099823e-06,5.086263020833333e-06,0.0,0.0,0.00014696121215820312,0.0001678466796875,14220.001953125,12501.519368489584,15110.22705078125,16824.788736979168,21.3642578125,10.953125,0.00287628173828125,0.00286865234375,0.0003814697265625,0.00038909912109375,0.001094818115234375,0.00093841552734375
batch_ga_sweep_sim90_bs1_ga8_pb4_25ts_amp,ok,25,1,8,True,0.0,/home/gkulemeyer/Documents/Repos/RNADiffusion/profiler/logs/diffusion_profiler_light_batch/batch_ga_sweep_sim90_bs1_ga8_pb4_25ts_amp/profiler_traces/pc59_4122452.1772583728595872957.pt.trace.json,344.2502861022949,639.9666666666666,304.4786666666667,335.2796666666667,13.976,235.211,382.64675,2.2537002563476562,4.603515625,11465.085,1344.494,869.9701420019743,1870.4973958333333,0.04345694210718596,119.71988932291667,18.07586167279412,31.59130859375,2.546508843099823e-06,5.086263020833333e-06,0.0,0.0,0.0002872467041015625,0.000324249267578125,13195.03759765625,11459.904947916666,16253.83203125,17988.964680989582,31.59375,10.390625,0.00287628173828125,0.00286865234375,0.0003814697265625,0.00038909912109375,0.001251220703125,0.00093841552734375
batch_ga_sweep_sim90_bs4_ga1_pb4_25ts_amp,ok,25,4,1,True,0.0,/home/gkulemeyer/Documents/Repos/RNADiffusion/profiler/logs/diffusion_profiler_light_batch/batch_ga_sweep_sim90_bs4_ga1_pb4_25ts_amp/profiler_traces/pc59_4122452.1772583870466721628.pt.trace.json,344.8217315673828,728.0203333333334,352.6116666666667,370.117,4.764,244.372,408.22,7.990527629852295,10.107421875,12517.929,2804.824,3438.3866945851873,7032.619791666667,0.048546562153085386,128.14225260416666,8.309833086436516,15.005208333333334,2.546508843099823e-06,5.086263020833333e-06,0.0,0.0,0.00014696121215820312,0.0001678466796875,24956.551106770832,18073.72900390625,32324.487467447918,39195.526204427086,15.007161458333334,7.510091145833333,0.00287628173828125,0.00286865234375,0.0003814697265625,0.00038909912109375,0.001094818115234375,0.00093841552734375
batch_ga_sweep_sim90_bs4_ga2_pb4_25ts_amp,ok,25,4,2,True,0.0,/home/gkulemeyer/Documents/Repos/RNADiffusion/profiler/logs/diffusion_profiler_light_batch/batch_ga_sweep_sim90_bs4_ga2_pb4_25ts_amp/profiler_traces/pc59_4122452.1772584008371676627.pt.trace.json,344.6644163131714,716.1626666666666,340.098,372.1933333333333,5.0475,246.18575,411.0095,7.979096412658691,10.107421875,12458.866,2835.368,3577.3697434475457,7311.65087890625,0.04987225233457112,124.42936197916667,9.50119078393076,16.38427734375,2.546508843099823e-06,5.086263020833333e-06,0.0,0.0,0.0002872467041015625,0.000324249267578125,25619.531901041668,18459.212076822918,33169.977213541664,40326.770670572914,16.385986328125,5.19677734375,0.00287628173828125,0.00286865234375,0.0003814697265625,0.00038909912109375,0.001251220703125,0.00093841552734375
batch_ga_sweep_sim90_bs4_ga8_pb4_25ts_amp,ok,25,4,8,True,0.0,/home/gkulemeyer/Documents/Repos/RNADiffusion/profiler/logs/diffusion_profiler_light_batch/batch_ga_sweep_sim90_bs4_ga8_pb4_25ts_amp/profiler_traces/pc59_4122452.1772584145791915861.pt.trace.json,340.86882495880127,650.684,300.5973333333333,349.8593333333333,16.445,239.09775,428.29275,7.980198860168457,10.658203125,11551.359,2880.775,3978.7032068586027,8119.240559895833,0.05725454224564581,160.51171875,18.454204963235295,32.27685546875,2.546508843099823e-06,5.086263020833333e-06,0.0,0.0,0.0002872467041015625,0.000324249267578125,26576.061686197918,18609.915364583332,39562.001627604164,47528.14794921875,32.279296875,10.640625,0.00287628173828125,0.00286865234375,0.0003814697265625,0.00038909912109375,0.001251220703125,0.00093841552734375
batch_ga_sweep_sim90_bs1_ga16_pb4_60ts_fp32,ok,60,1,16,False,0.0,/home/gkulemeyer/Documents/Repos/RNADiffusion/profiler/logs/diffusion_profiler_light_batch/batch_ga_sweep_sim90_bs1_ga16_pb4_60ts_fp32/profiler_traces/pc59_4122452.1772588360171259786.pt.trace.json,699.6466541290283,1608.4183333333333,757.0233333333334,850.7086666666667,15.379,499.4255,921.87875,6.109589576721191,20.111328125,24283.771,3089.093,2136.6987089262207,4394.332845052083,0.030684229774789018,135.93408203125,18.671145555449694,31.5693359375,2.5445420104224442e-06,5.086263020833333e-06,0.0,0.0,0.0002872467041015625,0.000324249267578125,32984.62451171875,28715.710123697918,52811.59521484375,57080.509602864586,31.5693359375,10.3876953125,0.0068817138671875,0.00687408447265625,0.00091552734375,0.00092315673828125,0.001251220703125,0.00093841552734375
batch_ga_sweep_sim90_bs1_ga1_pb4_60ts_fp32,ok,60,1,1,False,0.0,/home/gkulemeyer/Documents/Repos/RNADiffusion/profiler/logs/diffusion_profiler_light_batch/batch_ga_sweep_sim90_bs1_ga1_pb4_60ts_fp32/profiler_traces/pc59_4122452.1772584262280387318.pt.trace.json,696.3152017593384,1281.3806666666667,534.6876666666666,740.2733333333334,5.911666666666667,465.66125,843.483,5.359625339508057,10.9140625,19790.753,2868.708,1557.1865618112772,3232.845703125,0.051649022911719744,133.86539713541666,5.420251365599594,10.671549479166666,2.5445420104224442e-06,5.086263020833333e-06,0.0,0.0,6.67572021484375e-06,1.1444091796875e-05,25674.087565104168,22560.187825520832,64860.515462239586,67963.50146484375,10.671549479166666,10.671549479166666,0.0068817138671875,0.00687408447265625,0.00091552734375,0.00092315673828125,0.00093841552734375,0.00093841552734375
batch_ga_sweep_sim90_bs1_ga2_pb4_60ts_fp32,ok,60,1,2,False,0.0,/home/gkulemeyer/Documents/Repos/RNADiffusion/profiler/logs/diffusion_profiler_light_batch/batch_ga_sweep_sim90_bs1_ga2_pb4_60ts_fp32/profiler_traces/pc59_4122452.1772584580533208071.pt.trace.json,693.0043478012085,1261.4376666666667,538.119,715.7323333333334,10.244,489.431,830.04275,4.707276821136475,11.20703125,19321.952,2892.867,1603.6956867260926,3289.212890625,0.041370339078778094,134.02571614583334,11.805424387862043,20.775390625,2.5445420104224442e-06,5.086263020833333e-06,0.0,0.0,0.00014696121215820312,0.0001678466796875,20840.125325520832,17631.880045572918,60020.260091145836,63224.839680989586,20.775390625,10.3876953125,0.0068817138671875,0.00687408447265625,0.00091552734375,0.00092315673828125,0.001094818115234375,0.00093841552734375
batch_ga_sweep_sim90_bs1_ga4_pb4_60ts_fp32,ok,60,1,4,False,0.0,/home/gkulemeyer/Documents/Repos/RNADiffusion/profiler/logs/diffusion_profiler_light_batch/batch_ga_sweep_sim90_bs1_ga4_pb4_60ts_fp32/profiler_traces/pc59_4122452.1772587674734157387.pt.trace.json,694.5640068054199,1314.413,563.956,744.7756666666667,14.729,491.02,924.42925,5.79871129989624,19.75,20565.724,3141.537,2260.668362272947,4623.8251953125,0.03465078117561769,136.36897786458334,18.334255311547256,31.1630859375,2.5445420104224442e-06,5.086263020833333e-06,0.0,0.0,0.0002872467041015625,0.000324249267578125,38404.208333333336,33905.964029947914,63534.54150390625,68032.78580729167,31.1630859375,10.3876953125,0.0068817138671875,0.00687408447265625,0.00091552734375,0.00092315673828125,0.001251220703125,0.00093841552734375
batch_ga_sweep_sim90_bs1_ga8_pb4_60ts_fp32,ok,60,1,8,False,0.0,/home/gkulemeyer/Documents/Repos/RNADiffusion/profiler/logs/diffusion_profiler_light_batch/batch_ga_sweep_sim90_bs1_ga8_pb4_60ts_fp32/profiler_traces/pc59_4122452.1772588021123046487.pt.trace.json,693.1295385360718,1358.8456666666668,602.772,755.356,16.441,500.2665,911.24725,3.7816367149353027,20.111328125,20921.636,2953.292,1467.2490136639105,2967.7849934895835,0.043791232975031846,133.44580078125,18.334255311547256,31.1630859375,2.5445420104224442e-06,5.086263020833333e-06,0.0,0.0,0.0002872467041015625,0.000324249267578125,10100.620442708334,7171.771647135417,61785.553059895836,64714.40185546875,31.1630859375,10.3876953125,0.0068817138671875,0.00687408447265625,0.00091552734375,0.00092315673828125,0.001251220703125,0.00093841552734375
batch_ga_sweep_sim90_bs4_ga1_pb4_60ts_fp32,ok,60,4,1,False,0.0,/home/gkulemeyer/Documents/Repos/RNADiffusion/profiler/logs/diffusion_profiler_light_batch/batch_ga_sweep_sim90_bs4_ga1_pb4_60ts_fp32/profiler_traces/pc59_4122452.1772585233693512702.pt.trace.json,688.2152605056763,1300.1046666666668,549.4906666666666,741.7766666666666,8.221666666666666,513.059,888.01575,20.921778202056885,22.287109375,20149.035,7111.913,9731.046782915259,19617.20703125,0.03638424810560084,69.08138020833333,5.472477610518292,10.929361979166666,2.5445420104224442e-06,5.086263020833333e-06,0.0,0.0,6.67572021484375e-06,1.1444091796875e-05,62097.271809895836,42619.148111979164,76806.42252604167,96273.76790364583,10.929361979166666,10.929361979166666,0.0068817138671875,0.00687408447265625,0.00091552734375,0.00092315673828125,0.00093841552734375,0.00093841552734375
batch_ga_sweep_sim90_bs4_ga2_pb4_60ts_fp32,ok,60,4,2,False,0.0,/home/gkulemeyer/Documents/Repos/RNADiffusion/profiler/logs/diffusion_profiler_light_batch/batch_ga_sweep_sim90_bs4_ga2_pb4_60ts_fp32/profiler_traces/pc59_4122452.1772585564437427023.pt.trace.json,687.919810295105,1356.0566666666668,585.2183333333334,761.4196666666667,12.8475,524.0595,895.74575,22.328186988830566,23.162109375,20949.161,7099.627,9211.268498049996,18575.779459635418,0.03603300901832799,72.70638020833333,11.972184344035824,21.34375,2.5445420104224442e-06,5.086263020833333e-06,0.0,0.0,0.00014696121215820312,0.0001678466796875,54773.36474609375,36336.082194010414,81425.38655598958,99859.01318359375,21.34375,10.9560546875,0.0068817138671875,0.00687408447265625,0.00091552734375,0.00092315673828125,0.001094818115234375,0.00093841552734375
batch_ga_sweep_sim90_bs4_ga8_pb4_60ts_fp32,oom,60,4,8,False,,,,,,,,,,,,,,,,,,,,,,,,,,,,,,,,,,,,,
batch_ga_sweep_sim90_bs1_ga16_pb4_60ts_amp,ok,60,1,16,True,0.0,/home/gkulemeyer/Documents/Repos/RNADiffusion/profiler/logs/diffusion_profiler_light_batch/batch_ga_sweep_sim90_bs1_ga16_pb4_60ts_amp/profiler_traces/pc59_4122452.1772588531171082354.pt.trace.json,814.8017911911011,1538.619,682.3856666666667,855.454,18.589,597.29125,972.453,4.883164882659912,20.115234375,27841.612,3207.761,1998.077951333368,4120.051595052083,0.020224510219306425,120.37662760416667,18.460052849264706,32.30029296875,2.5445420104224442e-06,5.086263020833333e-06,0.0,0.0,0.0002872467041015625,0.000324249267578125,28741.163411458332,24756.1982421875,43575.858235677086,47560.823404947914,32.302734375,10.775390625,0.0068817138671875,0.00687408447265625,0.00091552734375,0.00092315673828125,0.001251220703125,0.00093841552734375
batch_ga_sweep_sim90_bs1_ga1_pb4_60ts_amp,ok,60,1,1,True,0.0,/home/gkulemeyer/Documents/Repos/RNADiffusion/profiler/logs/diffusion_profiler_light_batch/batch_ga_sweep_sim90_bs1_ga1_pb4_60ts_amp/profiler_traces/pc59_4122452.1772584421565223395.pt.trace.json,812.8787107467651,1418.2706666666668,603.612,808.0186666666666,5.393333333333333,559.59875,913.682,2.240065574645996,11.138671875,25440.588,2943.769,966.7642601259914,2060.5538736979165,0.034213957214193846,130.35921223958334,6.069411892361111,10.800618489583334,2.5445420104224442e-06,5.086263020833333e-06,0.0,0.0,0.0002872467041015625,0.000324249267578125,31429.504069010418,29502.325358072918,42782.96337890625,44699.108072916664,10.802083333333334,3.783203125,0.0068817138671875,0.00687408447265625,0.00091552734375,0.00092315673828125,0.001251220703125,0.00093841552734375
batch_ga_sweep_sim90_bs1_ga2_pb4_60ts_amp,ok,60,1,2,True,0.0,/home/gkulemeyer/Documents/Repos/RNADiffusion/profiler/logs/diffusion_profiler_light_batch/batch_ga_sweep_sim90_bs1_ga2_pb4_60ts_amp/profiler_traces/pc59_4122452.1772584742747996115.pt.trace.json,812.6704540252686,1410.637,607.4923333333334,801.522,0.626,544.006,915.5665,4.8366007804870605,11.20703125,25469.916,3048.29,1440.4934222143604,3006.8585611979165,0.02250467978138022,123.58463541666667,0.0008951822916666666,0.001953125,2.5445420104224442e-06,5.086263020833333e-06,0.0,0.0,,,25915.439453125,23040.387532552082,35424.86279296875,38296.290201822914,0.0029296875,0.0029296875,0.0068817138671875,0.00687408447265625,0.00091552734375,0.00092315673828125,,
batch_ga_sweep_sim90_bs1_ga4_pb4_60ts_amp,ok,60,1,4,True,0.0,/home/gkulemeyer/Documents/Repos/RNADiffusion/profiler/logs/diffusion_profiler_light_batch/batch_ga_sweep_sim90_bs1_ga4_pb4_60ts_amp/profiler_traces/pc59_4122452.1772587847686171354.pt.trace.json,814.3571510314941,1494.5276666666668,658.3473333333334,830.4686666666666,14.279,608.916,933.74075,5.233730316162109,20.111328125,27148.644,3186.16,2039.5581423869214,4186.656412760417,0.015688703871323612,119.46875,18.256077665441175,32.42919921875,2.5445420104224442e-06,5.086263020833333e-06,0.0,0.0,0.0002872467041015625,0.000324249267578125,36520.484537760414,32468.671712239582,33613.1455078125,37664.958333333336,32.431640625,11.25,0.0068817138671875,0.00687408447265625,0.00091552734375,0.00092315673828125,0.001251220703125,0.00093841552734375
batch_ga_sweep_sim90_bs1_ga8_pb4_60ts_amp,ok,60,1,8,True,0.0,/home/gkulemeyer/Documents/Repos/RNADiffusion/profiler/logs/diffusion_profiler_light_batch/batch_ga_sweep_sim90_bs1_ga8_pb4_60ts_amp/profiler_traces/pc59_4122452.1772588193501771356.pt.trace.json,814.2045488357544,1544.1393333333333,704.2866666666666,839.0853333333333,17.393,629.54425,972.0205,4.883164882659912,20.111328125,28179.457,3161.406,1490.752286542486,3104.3038736979165,0.02172385947804106,124.658203125,19.17487362132353,33.03076171875,2.5445420104224442e-06,5.086263020833333e-06,0.0,0.0,0.0002872467041015625,0.000324249267578125,31290.764322916668,28319.912434895832,35532.653971354164,38503.505859375,33.033203125,10.390625,0.0068817138671875,0.00687408447265625,0.00091552734375,0.00092315673828125,0.001251220703125,0.00093841552734375
batch_ga_sweep_sim90_bs4_ga1_pb4_60ts_amp,ok,60,4,1,True,0.0,/home/gkulemeyer/Documents/Repos/RNADiffusion/profiler/logs/diffusion_profiler_light_batch/batch_ga_sweep_sim90_bs4_ga1_pb4_60ts_amp/profiler_traces/pc59_4122452.1772585399681885112.pt.trace.json,816.5308933258057,1598.546,719.043,873.8536666666666,4.767333333333333,550.16525,970.938,16.519341468811035,22.287109375,27849.074,6309.632,6460.014166508315,13066.323079427084,0.016426915932688205,109.49934895833333,6.276841426674836,10.85009765625,2.5445420104224442e-06,5.086263020833333e-06,0.0,0.0,0.0002872467041015625,0.000324249267578125,50896.87158203125,37975.487955729164,59478.02685546875,72388.13899739583,10.8515625,3.4654947916666665,0.0068817138671875,0.00687408447265625,0.00091552734375,0.00092315673828125,0.001251220703125,0.00093841552734375
batch_ga_sweep_sim90_bs4_ga2_pb4_60ts_amp,ok,60,4,2,True,0.0,/home/gkulemeyer/Documents/Repos/RNADiffusion/profiler/logs/diffusion_profiler_light_batch/batch_ga_sweep_sim90_bs4_ga2_pb4_60ts_amp/profiler_traces/pc59_4122452.1772585730772248477.pt.trace.json,812.1390714645386,1486.8426666666667,625.623,859.0456666666666,1.298,571.6785,1005.64425,18.851412773132324,23.09765625,27140.356,6450.898,7249.343248225145,14648.19287109375,0.018442097404518545,134.98030598958334,0.0008951822916666666,0.001953125,2.5445420104224442e-06,5.086263020833333e-06,0.0,0.0,,,54884.511393229164,40383.336100260414,69141.04524739583,83638.43863932292,0.0029296875,0.0029296875,0.0068817138671875,0.00687408447265625,0.00091552734375,0.00092315673828125,,
batch_ga_sweep_sim90_bs4_ga8_pb4_60ts_amp,ok,60,4,8,True,0.0,/home/gkulemeyer/Documents/Repos/RNADiffusion/profiler/logs/diffusion_profiler_light_batch/batch_ga_sweep_sim90_bs4_ga8_pb4_60ts_amp/profiler_traces/pc59_4122452.1772585916595323126.pt.trace.json,813.7238731384277,1519.0693333333334,671.484,847.186,16.966,586.6465,995.0765,18.900131225585938,19.310546875,27437.158,6552.073,7819.6374025907935,15772.951985677084,0.018805017149805283,98.52067057291667,17.983803423713237,31.73291015625,2.5445420104224442e-06,5.086263020833333e-06,0.0,0.0,0.0002872467041015625,0.000324249267578125,57522.814127604164,41898.326985677086,69941.67724609375,85566.16438802083,31.7353515625,10.7880859375,0.0068817138671875,0.00687408447265625,0.00091552734375,0.00092315673828125,0.001251220703125,0.00093841552734375
batch_ga_sweep_sim90_bs1_ga16_pb4_70ts_fp32,ok,70,1,16,False,0.0,/home/gkulemeyer/Documents/Repos/RNADiffusion/profiler/logs/diffusion_profiler_light_batch/batch_ga_sweep_sim90_bs1_ga16_pb4_70ts_fp32/profiler_traces/pc59_4122452.1772589519861232643.pt.trace.json,811.4528217315674,1637.767,712.2333333333333,924.7613333333334,20.373,613.74725,1065.1685,4.7485857009887695,20.126953125,25352.714,3391.617,1626.0725423280157,3357.7462565104165,0.038815745073599785,133.18359375,18.334255311547256,31.1630859375,2.5443407978681245e-06,5.086263020833333e-06,0.0,0.0,0.0002872467041015625,0.000324249267578125,20285.70361328125,17034.955729166668,71711.70849609375,74962.45638020833,31.1630859375,10.3876953125,0.008026123046875,0.00801849365234375,0.001068115234375,0.00107574462890625,0.001251220703125,0.00093841552734375
batch_ga_sweep_sim90_bs1_ga4_pb4_70ts_fp32,ok,70,1,4,False,0.0,/home/gkulemeyer/Documents/Repos/RNADiffusion/profiler/logs/diffusion_profiler_light_batch/batch_ga_sweep_sim90_bs1_ga4_pb4_70ts_fp32/profiler_traces/pc59_4122452.1772588714877990815.pt.trace.json,812.1001329421997,1721.611,793.1836666666667,922.7526666666666,14.619,619.311,1065.48375,6.7233171463012695,20.115234375,26585.048,3595.301,2559.5663855910357,5174.406087239583,0.03407876583030884,136.05338541666666,19.26524092511433,32.8896484375,2.5443407978681245e-06,5.086263020833333e-06,0.0,0.0,0.0002872467041015625,0.000324249267578125,35805.4111328125,30719.35791015625,79600.828125,84686.88134765625,32.8896484375,11.2587890625,0.008026123046875,0.00801849365234375,0.001068115234375,0.00107574462890625,0.001251220703125,0.00093841552734375
batch_ga_sweep_sim90_bs1_ga8_pb4_70ts_fp32,ok,70,1,8,False,0.0,/home/gkulemeyer/Documents/Repos/RNADiffusion/profiler/logs/diffusion_profiler_light_batch/batch_ga_sweep_sim90_bs1_ga8_pb4_70ts_fp32/profiler_traces/pc59_4122452.1772589114495111428.pt.trace.json,812.0897922515869,1617.693,692.4616666666666,924.5716666666666,17.212,596.467,1066.608,6.7233171463012695,20.126953125,24971.539,3634.436,2738.5519321129245,5533.293131510417,0.031424178564239715,136.63313802083334,18.334255311547256,31.1630859375,2.5443407978681245e-06,5.086263020833333e-06,0.0,0.0,0.0002872467041015625,0.000324249267578125,36421.60595703125,30976.900065104168,80472.78662109375,85917.49251302083,31.1630859375,10.3876953125,0.008026123046875,0.00801849365234375,0.001068115234375,0.00107574462890625,0.001251220703125,0.00093841552734375
batch_ga_sweep_sim90_bs1_ga16_pb4_70ts_amp,ok,70,1,16,True,0.0,/home/gkulemeyer/Documents/Repos/RNADiffusion/profiler/logs/diffusion_profiler_light_batch/batch_ga_sweep_sim90_bs1_ga16_pb4_70ts_amp/profiler_traces/pc59_4122452.1772589725730914395.pt.trace.json,951.8305702209473,1910.92,861.06,1049.0893333333333,17.281,728.50875,1173.331,4.6262078285217285,20.318359375,34152.913,3724.141,1793.624678588717,3703.3533528645835,0.026119722250751584,133.1455078125,17.794542738970588,31.35107421875,2.5443407978681245e-06,5.086263020833333e-06,0.0,0.0,0.0002872467041015625,0.000324249267578125,27852.115397135418,24284.504720052082,62387.416829427086,65955.02750651042,31.353515625,10.578125,0.008026123046875,0.00801849365234375,0.001068115234375,0.00107574462890625,0.001251220703125,0.00093841552734375
batch_ga_sweep_sim90_bs1_ga4_pb4_70ts_amp,ok,70,1,4,True,0.0,/home/gkulemeyer/Documents/Repos/RNADiffusion/profiler/logs/diffusion_profiler_light_batch/batch_ga_sweep_sim90_bs1_ga4_pb4_70ts_amp/profiler_traces/pc59_4122452.1772588915420549373.pt.trace.json,949.8472537994385,1857.276,831.8686666666666,1024.365,0.714,728.24625,1176.74975,5.659579753875732,20.115234375,33749.214,3795.145,2259.4797564968153,4634.658365885417,0.01387861699373187,118.72981770833333,0.0008951822916666666,0.001953125,2.5443407978681245e-06,5.086263020833333e-06,0.0,0.0,,,35973.672200520836,31472.070963541668,38668.85791015625,43170.459147135414,0.0029296875,0.0029296875,0.008026123046875,0.00801849365234375,0.001068115234375,0.00107574462890625,,
batch_ga_sweep_sim90_bs1_ga8_pb4_70ts_amp,ok,70,1,8,True,0.0,/home/gkulemeyer/Documents/Repos/RNADiffusion/profiler/logs/diffusion_profiler_light_batch/batch_ga_sweep_sim90_bs1_ga8_pb4_70ts_amp/profiler_traces/pc59_4122452.1772589317007018437.pt.trace.json,951.1339540481567,1845.1133333333332,806.3066666666666,1038.1083333333333,18.527,709.17125,1140.775,3.424922466278076,20.126953125,33176.727,3605.05,1356.140901384473,2832.9527994791665,0.020747685095063025,129.58138020833334,18.978946461397058,32.71826171875,2.5443407978681245e-06,5.086263020833333e-06,0.0,0.0,0.0002872467041015625,0.000324249267578125,34604.556966145836,31904.1953125,42168.100423177086,44868.462076822914,32.720703125,10.390625,0.008026123046875,0.00801849365234375,0.001068115234375,0.00107574462890625,0.001251220703125,0.00093841552734375
batch_ga_sweep_sim90_bs1_ga16_pb4_80ts_fp32,ok,80,1,16,False,0.0,/home/gkulemeyer/Documents/Repos/RNADiffusion/profiler/logs/diffusion_profiler_light_batch/batch_ga_sweep_sim90_bs1_ga16_pb4_80ts_fp32/profiler_traces/pc59_4122452.1772590848042267188.pt.trace.json,926.1891164779663,1866.2916666666667,794.9223333333334,1070.7696666666668,19.229,709.19475,1266.54,5.808769226074219,20.318359375,29543.176,3867.903,1785.274968191743,3682.009765625,0.036279805581831144,133.13199869791666,18.334255311547256,31.1630859375,2.5441898256519625e-06,5.086263020833333e-06,0.0,0.0,0.0002872467041015625,0.000324249267578125,36615.549967447914,33055.294921875,74988.61328125,78548.86832682292,31.1630859375,10.3876953125,0.0091705322265625,0.00916290283203125,0.001220703125,0.00122833251953125,0.001251220703125,0.00093841552734375
batch_ga_sweep_sim90_bs1_ga4_pb4_80ts_fp32,ok,80,1,4,False,0.0,/home/gkulemeyer/Documents/Repos/RNADiffusion/profiler/logs/diffusion_profiler_light_batch/batch_ga_sweep_sim90_bs1_ga4_pb4_80ts_fp32/profiler_traces/pc59_4122452.1772589936167381773.pt.trace.json,926.7931327819824,1863.6206666666667,789.3636666666666,1067.3026666666667,18.678,710.942,1290.26325,3.5918097496032715,20.318359375,29427.999,3885.688,1598.935922963996,3267.0367838541665,0.035479374589364225,132.46988932291666,19.203127977324694,32.6669921875,2.5441898256519625e-06,5.086263020833333e-06,0.0,0.0,0.0002872467041015625,0.000324249267578125,22252.303059895832,19060.426432291668,77019.11865234375,80210.99527994792,32.6669921875,11.1396484375,0.0091705322265625,0.00916290283203125,0.001220703125,0.00122833251953125,0.001251220703125,0.00093841552734375
batch_ga_sweep_sim90_bs1_ga8_pb4_80ts_fp32,ok,80,1,8,False,0.0,/home/gkulemeyer/Documents/Repos/RNADiffusion/profiler/logs/diffusion_profiler_light_batch/batch_ga_sweep_sim90_bs1_ga8_pb4_80ts_fp32/profiler_traces/pc59_4122452.1772590394973287200.pt.trace.json,927.5211458206177,1853.524,781.0676666666666,1071.3013333333333,18.066,704.567,1247.06825,3.268864631652832,20.318359375,29299.849,3786.293,1449.9711508195157,3009.1287434895835,0.03939562487010919,132.08626302083334,18.334255311547256,31.1630859375,2.5441898256519625e-06,5.086263020833333e-06,0.0,0.0,0.0002872467041015625,0.000324249267578125,28487.154459635418,25591.301920572918,76383.4306640625,79279.283203125,31.1630859375,10.3876953125,0.0091705322265625,0.00916290283203125,0.001220703125,0.00122833251953125,0.001251220703125,0.00093841552734375
batch_ga_sweep_sim90_bs1_ga16_pb4_80ts_amp,ok,80,1,16,True,0.0,/home/gkulemeyer/Documents/Repos/RNADiffusion/profiler/logs/diffusion_profiler_light_batch/batch_ga_sweep_sim90_bs1_ga16_pb4_80ts_amp/profiler_traces/pc59_4122452.1772591076109734547.pt.trace.json,1088.216519355774,2135.8086666666663,932.959,1202.3096666666668,21.212,813.6635,1346.369,6.894477844238281,20.318359375,38613.727,4323.505,2710.0753729308567,5512.051920572917,0.01658746374383814,118.90673828125,19.056479779411763,33.10888671875,2.5441898256519625e-06,5.086263020833333e-06,0.0,0.0,0.0002872467041015625,0.000324249267578125,48764.88427734375,43387.345377604164,51814.481282552086,57192.020182291664,33.111328125,10.625,0.0091705322265625,0.00916290283203125,0.001220703125,0.00122833251953125,0.001251220703125,0.00093841552734375
batch_ga_sweep_sim90_bs1_ga4_pb4_80ts_amp,ok,80,1,4,True,0.0,/home/gkulemeyer/Documents/Repos/RNADiffusion/profiler/logs/diffusion_profiler_light_batch/batch_ga_sweep_sim90_bs1_ga4_pb4_80ts_amp/profiler_traces/pc59_4122452.1772590165183174637.pt.trace.json,1091.2822160720825,2270.4253333333336,1039.0186666666666,1229.6496666666667,1.952,810.36575,1276.361,6.435994625091553,20.318359375,40179.4,4302.42,2889.644652886567,5890.91845703125,0.010301433693074801,120.47542317708333,0.0008951822916666666,0.001953125,2.5441898256519625e-06,5.086263020833333e-06,0.0,0.0,,,45942.894368489586,40185.645345052086,45924.439290364586,51681.688313802086,0.0029296875,0.0029296875,0.0091705322265625,0.00916290283203125,0.001220703125,0.00122833251953125,,
batch_ga_sweep_sim90_bs1_ga8_pb4_80ts_amp,ok,80,1,8,True,0.0,/home/gkulemeyer/Documents/Repos/RNADiffusion/profiler/logs/diffusion_profiler_light_batch/batch_ga_sweep_sim90_bs1_ga8_pb4_80ts_amp/profiler_traces/pc59_4122452.1772590623552441611.pt.trace.json,1087.7164840698242,2149.2166666666667,922.3246666666666,1226.1983333333333,21.021,809.67825,1294.75025,6.435994625091553,20.318359375,38042.426,4249.487,2423.958019947035,4961.74658203125,0.014955489654052799,126.71484375,18.011460248161764,31.60302734375,2.5441898256519625e-06,5.086263020833333e-06,0.0,0.0,0.0002872467041015625,0.000324249267578125,43761.04248046875,38933.601399739586,53274.385904947914,58101.826985677086,31.60546875,10.53125,0.0091705322265625,0.00916290283203125,0.001220703125,0.00122833251953125,0.001251220703125,0.00093841552734375
batch_ga_sweep_sim90_bs1_ga16_pb4_90ts_fp32,ok,90,1,16,False,0.0,/home/gkulemeyer/Documents/Repos/RNADiffusion/profiler/logs/diffusion_profiler_light_batch/batch_ga_sweep_sim90_bs1_ga16_pb4_90ts_fp32/profiler_traces/pc59_4122452.1772592354235685338.pt.trace.json,1043.7309637069702,2148.819,939.3846666666666,1208.892,19.869,798.33075,1401.783,7.4516520500183105,20.4765625,33273.06,4489.875,2516.291012655514,5101.291015625,0.02757824715655871,134.232421875,18.334255311547256,31.1630859375,2.544072365581453e-06,5.086263020833333e-06,0.0,0.0,0.0002872467041015625,0.000324249267578125,27959.644368489582,22939.384114583332,90952.66162109375,95972.921875,31.1630859375,10.3876953125,0.01031494140625,0.01030731201171875,0.001373291015625,0.00138092041015625,0.001251220703125,0.00093841552734375
batch_ga_sweep_sim90_bs1_ga4_pb4_90ts_fp32,ok,90,1,4,False,0.0,/home/gkulemeyer/Documents/Repos/RNADiffusion/profiler/logs/diffusion_profiler_light_batch/batch_ga_sweep_sim90_bs1_ga4_pb4_90ts_fp32/profiler_traces/pc59_4122452.1772591321706846213.pt.trace.json,1044.3934955596924,2137.245,909.064,1220.3566666666668,20.494,819.14425,1461.00125,7.983582496643066,20.318359375,33886.411,4680.638,3270.8047783092447,6646.097981770833,0.023234459489506486,136.10595703125,18.334255311547256,31.1630859375,2.544072365581453e-06,5.086263020833333e-06,0.0,0.0,0.0002872467041015625,0.000324249267578125,57070.12890625,50549.544108072914,94656.06705729167,101176.65185546875,31.1630859375,10.3876953125,0.01031494140625,0.01030731201171875,0.001373291015625,0.00138092041015625,0.001251220703125,0.00093841552734375
batch_ga_sweep_sim90_bs1_ga8_pb4_90ts_fp32,ok,90,1,8,False,0.0,/home/gkulemeyer/Documents/Repos/RNADiffusion/profiler/logs/diffusion_profiler_light_batch/batch_ga_sweep_sim90_bs1_ga8_pb4_90ts_fp32/profiler_traces/pc59_4122452.1772591846331696760.pt.trace.json,1042.3831901550293,2105.3153333333335,911.5806666666666,1193.2746666666667,19.587,816.483,1418.39275,6.044095039367676,20.318359375,33388.714,4414.006,2206.5355911289475,4475.579264322917,0.032276194972259344,133.47493489583334,18.852547994474087,31.7880859375,2.544072365581453e-06,5.086263020833333e-06,0.0,0.0,0.0002872467041015625,0.000324249267578125,22834.077473958332,18430.748372395832,100128.31982421875,104531.64892578125,31.7880859375,10.3876953125,0.01031494140625,0.01030731201171875,0.001373291015625,0.00138092041015625,0.001251220703125,0.00093841552734375
batch_ga_sweep_sim90_bs1_ga16_pb4_90ts_amp,ok,90,1,16,True,0.0,/home/gkulemeyer/Documents/Repos/RNADiffusion/profiler/logs/diffusion_profiler_light_batch/batch_ga_sweep_sim90_bs1_ga16_pb4_90ts_amp/profiler_traces/pc59_4122452.1772592613168263063.pt.trace.json,1222.8056735992432,2428.9283333333333,1091.8286666666668,1336.3626666666667,20.527,915.5765,1536.30275,4.007535934448242,20.724609375,43931.107,4638.677,1681.813289911034,3485.3943684895835,0.019674409947332414,130.83772786458334,19.304285386029413,33.22607421875,2.544072365581453e-06,5.086263020833333e-06,0.0,0.0,0.0002872467041015625,0.000324249267578125,40503.084635416664,37152.058268229164,65175.934407552086,68526.96077473958,33.228515625,10.390625,0.01031494140625,0.01030731201171875,0.001373291015625,0.00138092041015625,0.001251220703125,0.00093841552734375
batch_ga_sweep_sim90_bs1_ga4_pb4_90ts_amp,ok,90,1,4,True,0.0,/home/gkulemeyer/Documents/Repos/RNADiffusion/profiler/logs/diffusion_profiler_light_batch/batch_ga_sweep_sim90_bs1_ga4_pb4_90ts_amp/profiler_traces/pc59_4122452.1772591584268440572.pt.trace.json,1226.253282546997,2525.1353333333336,1094.816,1429.2216666666668,0.763,944.60825,1570.63,7.212409496307373,20.318359375,45406.472,4896.906,2805.5327928237516,5722.10888671875,0.012523695350428916,119.44710286458333,0.0008951822916666666,0.001953125,2.544072365581453e-06,5.086263020833333e-06,0.0,0.0,,,53426.02197265625,47836.80322265625,49191.507975260414,54780.726725260414,0.0029296875,0.0029296875,0.01031494140625,0.01030731201171875,0.001373291015625,0.00138092041015625,,
batch_ga_sweep_sim90_bs1_ga8_pb4_90ts_amp,ok,90,1,8,True,0.0,/home/gkulemeyer/Documents/Repos/RNADiffusion/profiler/logs/diffusion_profiler_light_batch/batch_ga_sweep_sim90_bs1_ga8_pb4_90ts_amp/profiler_traces/pc59_4122452.1772592099516974568.pt.trace.json,1222.9358377456665,2406.138,1069.874,1335.6023333333333,22.069,933.14125,1518.86325,3.3120737075805664,20.38671875,43850.008,4584.509,1508.2574403567353,3143.7001953125,0.018669095543998534,129.51302083333334,18.605089613970588,32.76513671875,2.544072365581453e-06,5.086263020833333e-06,0.0,0.0,0.0002872467041015625,0.000324249267578125,39638.524251302086,36627.025553385414,56835.697265625,59847.195963541664,32.767578125,11.15625,0.01031494140625,0.01030731201171875,0.001373291015625,0.00138092041015625,0.001251220703125,0.00093841552734375
batch_ga_sweep_sim90_bs1_ga16_pb4_100ts_fp32,ok,100,1,16,False,0.0,/home/gkulemeyer/Documents/Repos/RNADiffusion/profiler/logs/diffusion_profiler_light_batch/batch_ga_sweep_sim90_bs1_ga16_pb4_100ts_fp32/profiler_traces/pc59_4122452.1772594029919609845.pt.trace.json,1159.5713062286377,2437.665,1044.531,1392.2876666666668,21.309,882.99375,1578.165,10.07088565826416,20.724609375,37293.675,5338.546,4288.947780476098,8686.145833333334,0.019178941214638815,137.56266276041666,18.522041134717988,31.4443359375,2.5439783740564995e-06,5.086263020833333e-06,0.0,0.0,0.0002872467041015625,0.000324249267578125,57678.082356770836,49114.483235677086,108331.33203125,116894.93115234375,31.4443359375,10.3876953125,0.0114593505859375,0.01145172119140625,0.00152587890625,0.00153350830078125,0.001251220703125,0.00093841552734375
batch_ga_sweep_sim90_bs1_ga4_pb4_100ts_fp32,ok,100,1,4,False,0.0,/home/gkulemeyer/Documents/Repos/RNADiffusion/profiler/logs/diffusion_profiler_light_batch/batch_ga_sweep_sim90_bs1_ga4_pb4_100ts_fp32/profiler_traces/pc59_4122452.1772592886793811553.pt.trace.json,1158.8067255020142,2390.6163333333334,1054.4433333333332,1328.496,20.136,918.8045,1622.75675,6.692034721374512,20.724609375,37803.927,5011.383,2588.90713152114,5228.992350260417,0.02430618860221079,133.77522786458334,18.522041134717988,31.4443359375,2.5439783740564995e-06,5.086263020833333e-06,0.0,0.0,0.0002872467041015625,0.000324249267578125,34330.625162760414,29175.94189453125,103508.46028645833,108663.1435546875,31.4443359375,10.3876953125,0.0114593505859375,0.01145172119140625,0.00152587890625,0.00153350830078125,0.001251220703125,0.00093841552734375
batch_ga_sweep_sim90_bs1_ga8_pb4_100ts_fp32,ok,100,1,8,False,0.0,/home/gkulemeyer/Documents/Repos/RNADiffusion/profiler/logs/diffusion_profiler_light_batch/batch_ga_sweep_sim90_bs1_ga8_pb4_100ts_fp32/profiler_traces/pc59_4122452.1772593464436009033.pt.trace.json,1160.2290830612183,2530.5516666666667,1099.414,1430.624,21.852,918.28275,1629.671,8.253953456878662,20.724609375,38962.39,5097.212,2585.6110514213074,5284.8564453125,0.025626333744410968,133.78369140625,18.334255311547256,31.1630859375,2.5439783740564995e-06,5.086263020833333e-06,0.0,0.0,0.0002872467041015625,0.000324249267578125,34337.115885416664,29168.369954427082,95898.02180989583,101066.76774088542,31.1630859375,10.3876953125,0.0114593505859375,0.01145172119140625,0.00152587890625,0.00153350830078125,0.001251220703125,0.00093841552734375
batch_ga_sweep_sim90_bs1_ga16_pb4_100ts_amp,ok,100,1,16,True,0.0,/home/gkulemeyer/Documents/Repos/RNADiffusion/profiler/logs/diffusion_profiler_light_batch/batch_ga_sweep_sim90_bs1_ga16_pb4_100ts_amp/profiler_traces/pc59_4122452.1772594320243604522.pt.trace.json,1361.025318145752,2978.791,1424.7686666666668,1553.2973333333332,23.278,1080.6365,1799.022,3.6613922119140625,20.724609375,54123.435,5224.556,1527.122672165303,3182.80322265625,0.015261061586369232,130.6142578125,19.304285386029413,33.22607421875,2.5439783740564995e-06,5.086263020833333e-06,0.0,0.0,0.0002872467041015625,0.000324249267578125,64702.378743489586,61653.190266927086,53413.305013020836,56462.493489583336,33.228515625,10.390625,0.0114593505859375,0.01145172119140625,0.00152587890625,0.00153350830078125,0.001251220703125,0.00093841552734375
batch_ga_sweep_sim90_bs1_ga4_pb4_100ts_amp,ok,100,1,4,True,0.0,/home/gkulemeyer/Documents/Repos/RNADiffusion/profiler/logs/diffusion_profiler_light_batch/batch_ga_sweep_sim90_bs1_ga4_pb4_100ts_amp/profiler_traces/pc59_4122452.1772593172645044434.pt.trace.json,1358.3383483886719,2704.9,1205.4666666666667,1498.166,0.76,1012.04575,1744.06,8.555219650268555,20.724609375,49185.662,5255.476,2519.4929258988873,5147.107096354167,0.013434935998063162,123.12760416666667,0.0008951822916666666,0.001953125,2.5439783740564995e-06,5.086263020833333e-06,0.0,0.0,,,43849.726399739586,38834.567057291664,59794.982747395836,64810.14208984375,0.0029296875,0.0029296875,0.0114593505859375,0.01145172119140625,0.00152587890625,0.00153350830078125,,
batch_ga_sweep_sim90_bs1_ga8_pb4_100ts_amp,ok,100,1,8,True,0.0,/home/gkulemeyer/Documents/Repos/RNADiffusion/profiler/logs/diffusion_profiler_light_batch/batch_ga_sweep_sim90_bs1_ga8_pb4_100ts_amp/profiler_traces/pc59_4122452.1772593747116387163.pt.trace.json,1359.5183935165405,2768.6303333333335,1232.9676666666667,1534.8703333333333,23.572,1057.55725,1705.9565,7.988824367523193,20.724609375,49979.094,5299.737,2417.6637893385773,4953.992513020833,0.013440056869042713,123.58463541666667,18.460052849264706,32.30029296875,2.5439783740564995e-06,5.086263020833333e-06,0.0,0.0,0.0002872467041015625,0.000324249267578125,43272.018391927086,38449.83251953125,59133.403483072914,63955.58935546875,32.302734375,10.775390625,0.0114593505859375,0.01145172119140625,0.00152587890625,0.00153350830078125,0.001251220703125,0.00093841552734375
