run_name,status,timesteps,batch_size,use_amp,train_batch_count,eval_batch_count,train_batch_ms,train_forward_ms,train_backward_ms,eval_no_f1_ms,eval_with_f1_ms,eval_sample_ms,cpu_op_ms_trace,gpu_total_ms_trace,train_forward_cpu_ms_keyavg,train_forward_cuda_ms_keyavg,train_backward_cpu_ms_keyavg,train_backward_cuda_ms_keyavg,max_alloc_gb_trace,max_reserved_gb_trace,train_forward_alloc_avg_mb_gpu,train_forward_alloc_peak_mb_gpu,train_backward_alloc_avg_mb_gpu,train_backward_alloc_peak_mb_gpu,train_step_alloc_avg_mb_gpu,train_step_alloc_peak_mb_gpu,train_forward_alloc_avg_mb_cpu,train_forward_alloc_peak_mb_cpu,train_backward_alloc_avg_mb_cpu,train_backward_alloc_peak_mb_cpu,train_step_alloc_avg_mb_cpu,train_step_alloc_peak_mb_cpu,oom_events,trace_size_mb,trace_path
sim90_bs4_pb4_5ts_fp32,ok,5,4,False,3.0,8.0,167.67233333333334,85.72366666666667,77.80833333333332,40.94925,95.189,33.787,2253.39,608.221,257.169,59.833,233.424,0.003,1.8216514587402344,23.1328125,773.2575303416421,1627.5450846354167,819.573475135885,1564.2496744791667,88.7746323996443,94.16682942708333,0.033138275146484375,0.03314208984375,0.033138275146484375,0.03314208984375,0.033141136169433594,0.033145904541015625,0.0,62.414419174194336,logs/diffusion_profiler_light/sim90_bs4_pb4_5ts_fp32/profiler_traces/pc59_3193258.1772558122981464965.pt.trace.json
sim90_bs4_pb4_5ts_amp,ok,5,4,True,3.0,8.0,127.686,59.42666666666666,63.17,53.141,124.07025,32.97975,2336.048,601.573,178.28,67.174,189.509,0.006,1.9069132804870605,23.1328125,891.8158224401164,1865.5498046875,911.9670131712955,1873.7032877604167,90.10876557321261,96.06624348958333,0.033138275146484375,0.03314208984375,0.033138275146484375,0.03314208984375,0.033141136169433594,0.033145904541015625,0.0,71.49131679534912,logs/diffusion_profiler_light/sim90_bs4_pb4_5ts_amp/profiler_traces/pc59_3193258.1772558139504990093.pt.trace.json
sim90_bs4_pb4_10ts,unknown,10,4,False,4.0,8.0,394.7635,209.72875,167.574,80.4305,171.97325,67.8615,6074.183,1957.16,,,,,3.8883910179138184,4.1640625,1523.319605519845,3156.6199951171875,1575.8221616712976,3089.5125732421875,66.55524947003622,73.865234375,0.0041065216064453125,0.0041103363037109375,0.0041065216064453125,0.0041103363037109375,0.004179525375366211,0.004192352294921875,0.0,145.7107334136963,logs/diffusion_profiler_light/sim90_bs4_pb4_10ts/profiler_traces/pc59_3193258.1772551478233592020.pt.trace.json
sim90_bs4_pb4_10ts_fp32,ok,10,4,False,3.0,8.0,203.68133333333336,93.87766666666667,103.887,81.86225,170.30925,65.71225,3017.434,1253.201,281.631,146.455,311.66,0.003,3.9101014137268066,23.1328125,1878.3142271878442,3840.7804361979165,1936.733035694544,3776.6637369791665,90.13706014989837,95.75895182291667,0.033138275146484375,0.03314208984375,0.033138275146484375,0.03314208984375,0.033141136169433594,0.033145904541015625,0.0,115.54751396179199,logs/diffusion_profiler_light/sim90_bs4_pb4_10ts_fp32/profiler_traces/pc59_3193258.1772558162292663788.pt.trace.json
sim90_bs4_pb4_10ts_amp,ok,10,4,True,3.0,8.0,235.42566666666664,105.477,124.13,94.92375,216.1095,72.89775,4314.379,1192.351,316.43,136.829,372.389,0.006,3.7760791778564453,23.1328125,1777.8898889622687,3641.3883463541665,1797.9112934194175,3649.75244140625,92.102207068241,98.00911458333333,0.033138275146484375,0.03314208984375,0.033138275146484375,0.03314208984375,0.033141136169433594,0.033145904541015625,0.0,138.82420253753662,logs/diffusion_profiler_light/sim90_bs4_pb4_10ts_amp/profiler_traces/pc59_3193258.1772558192636373528.pt.trace.json
sim90_bs4_pb4_15ts_fp32,ok,15,4,False,3.0,8.0,274.095,126.68366666666667,142.64366666666666,112.32175,250.47075,101.2975,4236.962,1752.541,380.051,177.513,427.929,0.003,5.329360485076904,23.1328125,2189.4318743721706,4423.268717447917,2238.7377494859716,4400.928385416667,88.874977173844,94.18782552083333,0.033138275146484375,0.03314208984375,0.033138275146484375,0.03314208984375,0.033141136169433594,0.033145904541015625,0.0,173.60128498077393,logs/diffusion_profiler_light/sim90_bs4_pb4_15ts_fp32/profiler_traces/pc59_3193258.1772558228495300640.pt.trace.json
sim90_bs4_pb4_15ts_amp,ok,15,4,True,3.0,8.0,540.9336666666667,272.3546666666667,258.99966666666666,148.398,273.0055,102.09625,8708.665,1757.334,817.063,171.852,776.996,0.006,5.210321426391602,23.1328125,2121.513241840581,4326.744140625,2137.9356534331496,4264.311686197917,88.80603707325439,97.34716796875,0.03334681193033854,0.033350626627604164,0.03334681193033854,0.033350626627604164,0.03344319661458333,0.033458709716796875,0.0,214.50948524475098,logs/diffusion_profiler_light/sim90_bs4_pb4_15ts_amp/profiler_traces/pc59_3193258.1772558273660154951.pt.trace.json
sim90_bs4_pb4_25ts,unknown,25,4,False,4.0,8.0,509.0175,213.0825,290.1,167.105,381.57525,161.89275,8435.414,3448.993,,,,,9.403230667114258,9.650390625,4127.3940572544425,8363.661254882812,4181.801898748813,8300.2216796875,67.64350146782107,74.893310546875,0.012468338012695312,0.012472152709960938,0.012468338012695312,0.012472152709960938,0.01254134178161621,0.012554168701171875,0.0,331.9356632232666,logs/diffusion_profiler_light/sim90_bs4_pb4_25ts/profiler_traces/pc59_3193258.1772551588833247502.pt.trace.json
sim90_bs4_pb4_25ts_fp32,ok,25,4,False,3.0,8.0,585.5566666666666,281.4276666666667,297.5986666666667,188.0305,408.6595,176.06625,8465.36,3215.512,844.283,386.316,892.793,0.003,10.022832870483398,23.1328125,4989.328307786706,10066.95849609375,5052.442712071091,10007.88671875,90.03698234247967,95.44873046875,0.033451080322265625,0.03345489501953125,0.033451080322265625,0.03345489501953125,0.033453941345214844,0.033458709716796875,0.0,289.6149311065674,logs/diffusion_profiler_light/sim90_bs4_pb4_25ts_fp32/profiler_traces/pc59_3193258.1772558332307347559.pt.trace.json
sim90_bs4_pb4_25ts_amp,ok,25,4,True,3.0,8.0,614.622,284.513,321.123,224.221,451.69625,177.24975,10515.938,2956.518,853.538,334.639,963.369,0.006,8.552274227142334,23.1328125,4225.4380341242495,8549.77587890625,4244.597754856052,8557.796875,78.99120243682226,85.55061848958333,0.03355534871419271,0.033559163411458336,0.03355534871419271,0.033559163411458336,0.03375062942504883,0.033771514892578125,0.0,341.01413440704346,logs/diffusion_profiler_light/sim90_bs4_pb4_25ts_amp/profiler_traces/pc59_3193258.1772558402358147473.pt.trace.json
sim90_bs4_pb4_30ts_fp32,ok,30,4,False,3.0,8.0,570.7646666666666,265.8686666666667,297.888,240.7495,415.43,192.5705,8535.642,3773.376,797.603,444.648,893.662,0.003,11.292572975158691,23.1328125,5617.0931375702685,11280.48583984375,5677.882913686197,11255.558268229166,89.84391077553353,95.08154296875,0.033763885498046875,0.0337677001953125,0.033763885498046875,0.0337677001953125,0.033766746520996094,0.033771514892578125,0.0,343.7995557785034,logs/diffusion_profiler_light/sim90_bs4_pb4_30ts_fp32/profiler_traces/pc59_3193258.1772558477314091372.pt.trace.json
sim90_bs4_pb4_30ts_amp,ok,30,4,True,3.0,8.0,712.638,337.1956666666667,367.176,278.76525,463.68575,199.2785,12181.275,3511.949,1011.585,395.27,1101.527,0.006,10.819221496582031,11.091796875,5054.095094662168,10210.77392578125,5073.270529569727,10218.652669270834,79.66087370865131,86.35823567708333,0.03386815388997396,0.033871968587239586,0.03386815388997396,0.033871968587239586,0.03406343460083008,0.034084320068359375,0.0,408.36012077331543,logs/diffusion_profiler_light/sim90_bs4_pb4_30ts_amp/profiler_traces/pc59_3193258.1772558561785946360.pt.trace.json
sim90_bs4_pb4_35ts_fp32,ok,35,4,False,3.0,8.0,734.1576666666666,339.8986666666667,385.6213333333333,290.47525,560.2025,250.445,10933.957,4352.13,1019.696,499.927,1156.861,0.003,12.250165462493896,12.853515625,6261.797739416208,12495.0390625,6320.844382843786,12543.56787109375,88.9190247078252,94.13102213541667,0.034076690673828125,0.03408050537109375,0.034076690673828125,0.03408050537109375,0.034079551696777344,0.034084320068359375,0.0,400.67511653900146,logs/diffusion_profiler_light/sim90_bs4_pb4_35ts_fp32/profiler_traces/pc59_3193258.1772558652866775056.pt.trace.json
sim90_bs4_pb4_35ts_amp,ok,35,4,True,3.0,8.0,935.746,462.769,465.5973333333333,329.4825,610.89175,250.77625,16166.227,3987.687,1388.305,390.317,1396.79,0.006,11.900571823120117,13.0703125,4926.883041731241,9928.35302734375,4943.406709246899,9909.8896484375,79.14152719607611,85.8505859375,0.03418095906575521,0.034184773763020836,0.03418095906575521,0.034184773763020836,0.03437623977661133,0.034397125244140625,0.0,479.48317432403564,logs/diffusion_profiler_light/sim90_bs4_pb4_35ts_amp/profiler_traces/pc59_3193258.1772558751504729528.pt.trace.json
sim90_bs4_pb4_40ts_fp32,ok,40,4,False,3.0,8.0,794.8733333333333,361.114,422.855,322.96725,631.66925,284.29325,12156.755,5001.88,1083.339,581.976,1268.564,0.003,15.002745628356934,15.587890625,7316.257172728493,14630.327473958334,7376.084587112472,14642.128092447916,88.9958357151931,94.21321614583333,0.034389495849609375,0.034393310546875,0.034389495849609375,0.034393310546875,0.034392356872558594,0.034397125244140625,0.0,458.02367782592773,logs/diffusion_profiler_light/sim90_bs4_pb4_40ts_fp32/profiler_traces/pc59_3193258.1772558857110006405.pt.trace.json
sim90_bs4_pb4_40ts_amp,ok,40,4,True,3.0,8.0,897.742,393.537,496.2096666666667,368.82525,695.287,287.189,16327.056,4525.662,1180.61,461.698,1488.627,0.006,12.689189910888672,15.587890625,5795.998951504825,11678.669108072916,5812.948271617476,11652.90087890625,78.78438475547061,85.31624348958333,0.03449376424153646,0.034497578938802086,0.03449376424153646,0.034497578938802086,0.03468904495239258,0.034709930419921875,0.0,543.2594909667969,logs/diffusion_profiler_light/sim90_bs4_pb4_40ts_amp/profiler_traces/pc59_3193258.1772558969975869494.pt.trace.json
sim90_bs4_pb4_45ts_fp32,ok,45,4,False,3.0,8.0,904.912,412.39233333333334,484.6516666666667,360.66775,709.1005,319.73825,13756.222,5313.279,1237.175,553.043,1453.953,0.003,15.698389530181885,16.61328125,6874.250490195249,13786.444010416666,6925.769910029393,13753.807779947916,88.6558927210366,93.98014322916667,0.034702301025390625,0.03470611572265625,0.034702301025390625,0.03470611572265625,0.034705162048339844,0.034709930419921875,0.0,516.3761320114136,logs/diffusion_profiler_light/sim90_bs4_pb4_45ts_fp32/profiler_traces/pc59_3193258.1772559086786877396.pt.trace.json
sim90_bs4_pb4_45ts_amp,ok,45,4,True,3.0,8.0,1035.836,477.986,551.4306666666666,417.4605,753.20875,314.53375,18400.336,5091.384,1433.956,529.512,1654.291,0.006,16.118614196777344,16.61328125,6575.818417921063,13250.94189453125,6592.62507085831,13230.26123046875,69.62882327410131,74.2666015625,0.034702301025390625,0.03470611572265625,0.034702301025390625,0.03470611572265625,0.03498573303222656,0.035022735595703125,0.0,609.9956378936768,logs/diffusion_profiler_light/sim90_bs4_pb4_45ts_amp/profiler_traces/pc59_3193258.1772559211075461353.pt.trace.json
sim90_bs4_pb4_50ts,unknown,50,4,False,4.0,8.0,946.26,406.718,531.2525,350.11275,684.49075,318.526,15970.934,6780.93,,,,,18.653799533843994,18.9765625,7984.220352646113,16076.035888671875,8037.751666114042,16014.777954101562,68.13046264648438,75.6077880859375,0.020830154418945312,0.020833969116210938,0.020830154418945312,0.020833969116210938,0.02090315818786621,0.020915985107421875,0.0,653.701774597168,logs/diffusion_profiler_light/sim90_bs4_pb4_50ts/profiler_traces/pc59_3193258.1772552104514407737.pt.trace.json
sim90_bs4_pb4_50ts_fp32,ok,50,4,False,3.0,8.0,1126.232,498.77933333333334,617.8893333333334,387.792,733.35675,342.5975,15804.057,6262.268,1496.336,711.519,1853.665,0.003,18.908836364746094,23.12890625,9007.769420546369,18011.724934895832,9066.927390335544,17984.33642578125,90.31610454776423,95.71988932291667,0.035327911376953125,0.03533172607421875,0.035327911376953125,0.03533172607421875,0.035330772399902344,0.035335540771484375,0.0,571.7798147201538,logs/diffusion_profiler_light/sim90_bs4_pb4_50ts_fp32/profiler_traces/pc59_3193258.1772559924986045302.pt.trace.json
sim90_bs4_pb4_50ts_amp,ok,50,4,True,3.0,8.0,1132.9793333333332,484.20366666666666,644.3113333333333,386.63275,742.30225,322.44975,19383.881,5797.0,1452.609,755.986,1932.933,0.006,17.072994709014893,23.12890625,7984.989152343547,15996.587727864584,8003.302734534329,16004.381673177084,70.06558797998366,74.59602864583333,0.035327911376953125,0.03533172607421875,0.035327911376953125,0.03533172607421875,0.03561134338378906,0.035648345947265625,0.0,681.6021385192871,logs/diffusion_profiler_light/sim90_bs4_pb4_50ts_amp/profiler_traces/pc59_3193258.1772560058799096076.pt.trace.json
sim90_bs4_pb4_52ts_fp32,ok,52,4,False,3.0,8.0,1051.2206666666668,480.79633333333334,563.0113333333334,413.59725,772.26525,364.33425,15850.695,6487.369,1442.389,755.855,1689.034,0.003,18.209216117858887,23.12890625,9300.157293000484,18597.70849609375,9360.33550402583,18646.2373046875,89.74258050685977,94.9599609375,0.035640716552734375,0.03564453125,0.035640716552734375,0.03564453125,0.035643577575683594,0.035648345947265625,0.0,593.9915590286255,logs/diffusion_profiler_light/sim90_bs4_pb4_52ts_fp32/profiler_traces/pc59_3193258.1772560198922912583.pt.trace.json
sim90_bs4_pb4_52ts_amp,ok,52,4,True,3.0,8.0,1198.991,527.8763333333334,664.9043333333334,451.85575,835.519,352.802,20683.86,6187.586,1583.627,812.211,1994.711,0.006,17.846845626831055,18.662109375,8645.706981015119,17389.82958984375,8664.84275847759,17397.73193359375,70.29117966196895,74.86295572916667,0.035640716552734375,0.03564453125,0.035640716552734375,0.03564453125,0.03592414855957031,0.035961151123046875,0.0,705.6232118606567,logs/diffusion_profiler_light/sim90_bs4_pb4_52ts_amp/profiler_traces/pc59_3193258.1772560346997832083.pt.trace.json
sim90_bs4_pb4_54ts_fp32,ok,54,4,False,3.0,8.0,1114.1146666666668,503.1023333333333,602.361,451.98625,902.08375,415.81175,17503.582,6814.356,1509.307,792.104,1807.082,0.003,20.503857135772705,21.5625,9949.41516383171,19839.326009114582,10010.561535514273,19851.126627604168,89.7208738249492,94.87141927083333,0.035953521728515625,0.03595733642578125,0.035953521728515625,0.03595733642578125,0.035956382751464844,0.035961151123046875,0.0,617.0810527801514,logs/diffusion_profiler_light/sim90_bs4_pb4_54ts_fp32/profiler_traces/pc59_3193258.1772560497539194624.pt.trace.json
sim90_bs4_pb4_54ts_amp,ok,54,4,True,3.0,8.0,1229.64,548.371,674.655,486.98625,874.84875,370.5465,21580.551,6049.071,1645.113,623.008,2023.963,0.006,17.195950508117676,21.587890625,7843.692907375759,15839.527018229166,7860.550725191099,15812.512532552084,69.1190691380719,73.7763671875,0.035953521728515625,0.03595733642578125,0.035953521728515625,0.03595733642578125,0.03623695373535156,0.036273956298828125,0.0,732.2541770935059,logs/diffusion_profiler_light/sim90_bs4_pb4_54ts_amp/profiler_traces/pc59_3193258.1772560650795378314.pt.trace.json
sim90_bs4_pb4_56ts_fp32,ok,56,4,False,3.0,8.0,1182.0946666666669,569.6856666666666,602.4173333333333,472.518,933.96975,425.8025,18273.519,6863.803,1709.057,738.544,1807.249,0.003,21.24388027191162,22.33984375,9311.57269248543,18611.548828125,9367.66294029799,18587.918782552082,89.90756002286587,95.10139973958333,0.036266326904296875,0.0362701416015625,0.036266326904296875,0.0362701416015625,0.036269187927246094,0.036273956298828125,0.0,640.9592514038086,logs/diffusion_profiler_light/sim90_bs4_pb4_56ts_fp32/profiler_traces/pc59_3193258.1772560800473150106.pt.trace.json
sim90_bs4_pb4_56ts_amp,ok,56,4,True,3.0,8.0,1320.215,592.1796666666667,720.837,504.994,888.53525,382.734,22643.245,6658.441,1776.538,869.823,2162.51,0.006,19.188340663909912,22.33984375,9323.439541351625,18706.882486979168,9342.400608462252,18714.9755859375,70.31765551598244,74.94466145833333,0.036266326904296875,0.0362701416015625,0.036266326904296875,0.0362701416015625,0.03654975891113281,0.036586761474609375,0.0,759.4725294113159,logs/diffusion_profiler_light/sim90_bs4_pb4_56ts_amp/profiler_traces/pc59_3193258.1772560960118236501.pt.trace.json
sim90_bs4_pb4_58ts_fp32,ok,58,4,False,3.0,8.0,1286.4236666666668,579.3623333333334,697.5313333333334,514.43775,907.2735,425.388,19401.019,7362.06,1738.087,841.563,2092.592,0.003,20.25852394104004,22.33984375,10346.64731133923,20696.19970703125,10407.253542033444,20744.728515625,89.91537252286587,95.06591796875,0.036579132080078125,0.03658294677734375,0.036579132080078125,0.03658294677734375,0.036581993103027344,0.036586761474609375,0.0,662.5017013549805,logs/diffusion_profiler_light/sim90_bs4_pb4_58ts_fp32/profiler_traces/pc59_3193258.1772561122365379248.pt.trace.json
sim90_bs4_pb4_58ts_amp,ok,58,4,True,3.0,8.0,1418.131,636.647,771.7073333333334,524.5575,919.0145,394.771,24363.51,7399.745,1909.939,1229.264,2315.12,0.006,19.870347023010254,22.33984375,10219.328426632914,20327.36962890625,10239.182404657462,20335.669270833332,79.56270733094966,86.08138020833333,0.03668340047200521,0.036687215169270836,0.03668340047200521,0.036687215169270836,0.03687868118286133,0.036899566650390625,0.0,787.3619108200073,logs/diffusion_profiler_light/sim90_bs4_pb4_58ts_amp/profiler_traces/pc59_3193258.1772561293583432181.pt.trace.json
sim90_bs4_pb4_60ts_fp32,ok,60,4,False,3.0,8.0,1537.552,774.9076666666666,753.4373333333334,580.955,984.614,458.466,23101.64,7826.392,2324.722,854.347,2260.31,0.003,22.658946990966797,23.109375,10809.130218668843,21551.210123697918,10868.566298829037,21561.80078125,89.7879072980183,95.0283203125,0.036891937255859375,0.036895751953125,0.036891937255859375,0.036895751953125,0.036894798278808594,0.036899566650390625,2.0,686.2711143493652,logs/diffusion_profiler_light/sim90_bs4_pb4_60ts_fp32/profiler_traces/pc59_3193258.1772561467317013388.pt.trace.json
sim90_bs4_pb4_60ts_amp,ok,60,4,True,3.0,8.0,1862.344,682.596,1171.5553333333332,629.32625,1110.278,471.03425,31361.371,6829.58,2047.787,589.117,3514.664,0.006,17.704875469207764,21.5703125,7074.751804920906,14252.465983072916,7089.1594347977925,14201.51611328125,68.11253574346405,72.75260416666667,0.036891937255859375,0.036895751953125,0.036891937255859375,0.036895751953125,0.03717536926269531,0.037212371826171875,0.0,812.741828918457,logs/diffusion_profiler_light/sim90_bs4_pb4_60ts_amp/profiler_traces/pc59_3193258.1772561663098137311.pt.trace.json
sim90_bs4_pb4_62ts_fp32,oom,62,4,False,1.0,0.0,834.157,833.246,0.0,0.0,0.0,0.0,1741.998,431.91,833.245,295.94,0.0,0.0,22.571765422821045,23.126953125,11730.658246120995,23113.48779296875,,,,,0.037204742431640625,0.03720855712890625,,,,,3.0,33.504178047180176,logs/diffusion_profiler_light/sim90_bs4_pb4_62ts_fp32/profiler_traces/pc59_3193258.1772561743247494880.pt.trace.json
sim90_bs4_pb4_62ts_amp,ok,62,4,True,3.0,8.0,1685.3183333333332,834.6533333333334,839.073,696.7615,1078.4615,485.06125,30005.125,7210.81,2503.959,762.26,2517.218,0.006,21.342730045318604,22.09375,7526.971556045705,15054.501139322916,7541.299713267581,15006.320149739584,68.78332886540034,73.43277994791667,0.037204742431640625,0.03720855712890625,0.037204742431640625,0.03720855712890625,0.03748817443847656,0.037525177001953125,0.0,840.1868658065796,logs/diffusion_profiler_light/sim90_bs4_pb4_62ts_amp/profiler_traces/pc59_3193258.1772561870353312579.pt.trace.json
sim90_bs4_pb4_64ts_fp32,ok,64,4,False,3.0,8.0,1360.5393333333332,595.3663333333334,754.2086666666667,556.0785,1051.9505,502.17575,21229.517,8021.321,1786.098,891.486,2262.624,0.003,22.34773349761963,23.1328125,10994.017096387848,22008.361490885418,11051.369114772644,22016.5322265625,89.81272627667683,95.24267578125,0.037517547607421875,0.0375213623046875,0.037517547607421875,0.0375213623046875,0.037520408630371094,0.037525177001953125,0.0,732.5218896865845,logs/diffusion_profiler_light/sim90_bs4_pb4_64ts_fp32/profiler_traces/pc59_3193258.1772562058332052128.pt.trace.json
sim90_bs4_pb4_64ts_amp,ok,64,4,True,3.0,8.0,1642.1606666666667,797.3913333333334,837.1986666666667,705.48275,1062.3605,466.72725,29181.144,7865.071,2392.173,1024.62,2511.593,0.006,22.831581115722656,23.060546875,11110.345085925672,22241.567057291668,11129.954526825002,22249.802897135418,71.09112317453024,75.88655598958333,0.037517547607421875,0.0375213623046875,0.037517547607421875,0.0375213623046875,0.03780097961425781,0.037837982177734375,0.0,867.6923894882202,logs/diffusion_profiler_light/sim90_bs4_pb4_64ts_amp/profiler_traces/pc59_3193258.1772562254561457896.pt.trace.json
sim90_bs4_pb4_66ts_fp32,oom,66,4,False,,,,,,,,,,,0.0,0.0,0.0,0.0,,,,,,,,,,,,,,,,,
sim90_bs4_pb4_66ts_amp,ok,66,4,True,3.0,8.0,1809.8456666666668,945.5993333333333,856.8746666666666,630.112,1111.02775,482.32625,30320.882,7794.732,2836.796,691.432,2570.622,0.006,20.914335250854492,23.1328125,8690.706157086592,17468.97900390625,8706.30314164982,17455.291666666668,69.27913539113563,73.89485677083333,0.037830352783203125,0.03783416748046875,0.037830352783203125,0.03783416748046875,0.03811378479003906,0.038150787353515625,0.0,896.6170778274536,logs/diffusion_profiler_light/sim90_bs4_pb4_66ts_amp/profiler_traces/pc59_3193258.1772562472511599142.pt.trace.json
sim90_bs4_pb4_68ts_fp32,oom,68,4,False,1.0,0.0,877.585,876.97,0.0,0.0,0.0,0.0,2105.447,455.641,876.969,300.468,0.0,0.0,22.92442750930786,23.12109375,11885.122865493253,23474.61376953125,,,,,0.038143157958984375,0.03814697265625,,,,,3.0,34.224653244018555,logs/diffusion_profiler_light/sim90_bs4_pb4_68ts_fp32/profiler_traces/pc59_3193258.1772562577616140690.pt.trace.json
sim90_bs4_pb4_68ts_amp,oom,68,4,True,,,,,,,,,,,0.0,0.0,0.0,0.0,,,,,,,,,,,,,,,,,
sim90_bs4_pb4_75ts,unknown,75,4,False,2.0,0.0,1082.3,650.1735,849.803,0.0,0.0,0.0,4855.408,1515.531,,,,,22.860162258148193,23.123046875,11229.384873236344,22543.995361328125,10826.623867054577,21611.677734375,59.583445479230186,72.4189453125,0.02911376953125,0.029117584228515625,0.028957366943359375,0.028961181640625,0.029240798950195313,0.029277801513671875,4.0,159.75377750396729,logs/diffusion_profiler_light/sim90_bs4_pb4_75ts/profiler_traces/pc59_3193258.1772552445976460028.pt.trace.json
sim90_bs4_pb4_75ts_fp32,oom,75,4,False,,,,,,,,,,,0.0,0.0,0.0,0.0,,,,,,,,,,,,,,,,,
sim90_bs4_pb4_75ts_amp,oom,75,4,True,1.0,0.0,1326.889,1325.299,0.0,0.0,0.0,0.0,4810.561,524.708,1325.299,311.468,0.0,0.0,22.904239654541016,23.12890625,11729.234361295112,23453.94140625,,,,,0.035327911376953125,0.03533172607421875,,,,,36.0,48.043203353881836,logs/diffusion_profiler_light/sim90_bs4_pb4_75ts_amp/profiler_traces/pc59_3193258.1772559549323446306.pt.trace.json
